cdfp,count_property,count_fema_sfha,pct_fema_sfha,count_fs_risk_2020_5,pct_fs_risk_2020_5,count_fs_risk_2050_5,pct_fs_risk_2050_5,count_fs_risk_2020_100,pct_fs_risk_2020_100,count_fs_risk_2050_100,pct_fs_risk_2050_100,count_fs_risk_2020_500,pct_fs_risk_2020_500,count_fs_risk_2050_500,pct_fs_risk_2050_500,count_fs_fema_difference_2020,pct_fs_fema_difference_2020,avg_risk_score_all,avg_risk_score_2_10,avg_risk_fsf_2020_100,avg_risk_fsf_2020_500,avg_risk_score_sfha,avg_risk_score_no_sfha,count_floodfactor1,count_floodfactor2,count_floodfactor3,count_floodfactor4,count_floodfactor5,count_floodfactor6,count_floodfactor7,count_floodfactor8,count_floodfactor9,count_floodfactor10
0101,427620,46796,10.9,17554,4.1,25813,6.0,77201,18.1,86057,20.1,92501,21.6,101420,23.7,30405,7.1,2.28,6.42,7.27,6.75,6.87,1.72,326179,4602,7850,7125,8256,34172,10004,2771,15468,11193
0102,440336,21423,4.9,10906,2.5,11726,2.7,33336,7.6,34922,7.9,40900,9.3,43173,9.8,11913,2.7,1.54,6.51,7.44,6.77,3.99,1.42,397132,2410,3233,5001,2072,10326,5631,1433,7226,5872
0103,468500,27979,6.0,18622,4.0,20485,4.4,52640,11.2,55262,11.8,63614,13.6,66265,14.1,24661,5.3,1.84,6.94,7.81,7.15,5.25,1.62,402138,2940,3571,5228,3837,14132,9630,2697,13485,10842
0104,503148,19698,3.9,20393,4.1,21695,4.3,55599,11.1,56956,11.3,69022,13.7,70062,13.9,35901,7.1,1.82,6.89,7.78,6.99,4.75,1.71,432737,2011,5784,5470,3137,17772,8792,2164,12100,13181
0105,372086,19078,5.1,11033,3.0,11637,3.1,42911,11.5,44161,11.9,57964,15.6,59105,15.9,23833,6.4,1.83,6.24,7.22,6.33,4.68,1.68,312966,1386,6280,6895,3798,18037,7909,1436,7858,5521
0106,357707,10995,3.1,10725,3.0,11768,3.3,37492,10.5,39324,11.0,44326,12.4,46098,12.9,26497,7.4,1.74,6.75,7.49,6.94,5.30,1.63,311551,1883,2246,5364,1815,12535,5507,1587,8089,7130
0107,428700,41927,9.8,12508,2.9,13894,3.2,50242,11.7,54119,12.6,65449,15.3,68638,16.0,8315,1.9,1.82,6.09,6.97,6.29,4.02,1.58,360018,3310,5108,12170,2785,22534,5961,1385,8526,6903
0401,481478,27535,5.7,9211,1.9,9719,2.0,48687,10.1,48928,10.2,74892,15.6,74791,15.5,21152,4.4,1.70,5.40,6.58,5.43,3.57,1.59,404852,3749,15832,13976,6941,12974,10100,1959,7348,3747
0402,370500,25984,7.0,4993,1.3,5012,1.4,23385,6.3,23446,6.3,35523,9.6,35497,9.6,-2599,-0.7,1.44,5.50,6.65,5.53,2.98,1.32,334647,835,7401,6095,4276,6518,4534,899,3357,1938
0403,319298,19371,6.1,2903,0.9,2864,0.9,18873,5.9,19131,6.0,41603,13.0,41748,13.1,-498,-0.2,1.48,4.65,6.26,4.69,2.86,1.40,276957,2463,12799,10434,3351,6543,2796,576,1982,1397
0404,633095,31861,5.0,8841,1.4,9253,1.5,42375,6.7,40980,6.5,76461,12.1,78127,12.3,10514,1.7,1.56,5.43,7.10,5.54,3.29,1.46,553539,3519,14916,17628,5901,14439,8913,1643,7742,4855
0405,326010,1496,0.5,0,0.0,0,0.0,0,0.0,0,0.0,11643,3.6,11510,3.5,-1496,-0.5,1.09,3.26,,3.34,1.11,1.09,313551,2093,5666,4393,37,270,0,0,0,0
0406,314337,13823,4.4,578,0.2,578,0.2,3200,1.0,3247,1.0,43650,13.9,44629,14.2,-10623,-3.4,1.37,3.60,5.36,3.65,1.29,1.38,269214,3628,18238,19711,662,2254,409,96,110,15
0407,205602,4022,2.0,3,0.0,5,0.0,5085,2.5,4980,2.4,51615,25.1,50626,24.6,1063,0.5,1.59,3.34,5.62,3.35,2.19,1.58,153638,6292,30400,10324,1549,3092,222,34,48,3
0408,334319,2985,0.9,330,0.1,333,0.1,14365,4.3,14230,4.3,47163,14.1,46077,13.8,11380,3.4,1.38,3.69,4.86,3.69,2.96,1.37,287043,4715,19462,16679,1238,3731,893,116,344,98
0409,235693,2414,1.0,0,0.0,0,0.0,1945,0.8,1952,0.8,12984,5.5,13285,5.6,-469,-0.2,1.16,3.87,6.35,3.94,1.96,1.16,222187,1062,5607,4259,173,1815,381,37,171,1
0501,534332,71179,13.3,18991,3.6,19380,3.6,47919,9.0,49170,9.2,65878,12.3,67615,12.7,-23260,-4.4,1.81,6.20,7.43,6.34,3.34,1.58,450880,4077,9861,13300,4647,17258,9183,2008,12237,10881
0502,411543,25367,6.2,10026,2.4,10250,2.5,34285,8.3,35163,8.5,46399,11.3,47305,11.5,8918,2.2,1.66,6.29,7.29,6.36,4.42,1.47,360569,1306,5476,6643,2835,13873,6798,1519,7250,5274
0503,418956,13062,3.1,9980,2.4,10107,2.4,24239,5.8,24600,5.9,29396,7.0,29819,7.1,11177,2.7,1.45,7.02,7.85,7.11,4.75,1.34,387907,628,2655,2616,1520,6343,4138,988,5770,6391
0504,536696,43296,8.1,31928,5.9,32312,6.0,61087,11.4,61565,11.5,71300,13.3,71834,13.4,17791,3.3,1.97,7.36,8.12,7.48,4.92,1.72,454495,835,5538,5953,3473,14500,11602,2594,20336,17370
0601,457360,28344,6.2,13065,2.9,13728,3.0,62184,13.6,65216,14.3,92945,20.3,96037,21.0,33840,7.4,1.98,5.67,6.81,5.79,4.74,1.80,361426,4106,12287,19983,7067,25835,8663,1811,8246,7936
0602,349820,30398,8.7,18523,5.3,21206,6.1,55552,15.9,57983,16.6,67628,19.3,71924,20.6,25154,7.2,2.18,6.74,7.71,7.00,6.60,1.76,277837,3293,6021,7995,3689,15300,7958,2177,10499,15051
0603,293507,31353,10.7,5756,2.0,6617,2.3,50637,17.3,53549,18.2,109004,37.1,114550,39.0,19284,6.6,2.59,5.07,6.23,5.21,4.12,2.40,178957,6325,15150,32248,6975,37527,7181,1895,4763,2486
0604,457234,7275,1.6,5168,1.1,5585,1.2,28748,6.3,29520,6.5,38721,8.5,39944,8.7,21473,4.7,1.46,6.33,7.45,6.46,4.90,1.41,417335,1762,4908,4036,1840,9470,5730,1448,6659,4046
0605,259783,10251,3.9,9461,3.6,10339,4.0,37581,14.5,39463,15.2,56310,21.7,60688,23.4,27330,10.5,2.02,5.35,6.62,5.57,4.72,1.90,199072,4083,10977,11821,5530,11023,6845,2444,4993,2995
0606,221817,36062,16.3,197,0.1,240,0.1,9656,4.4,10702,4.8,121969,55.0,130248,58.7,-26406,-11.9,2.70,3.90,4.76,4.03,3.68,2.51,91560,9203,38237,61403,397,20505,209,22,151,130
0607,245539,3127,1.3,143,0.1,159,0.1,9848,4.0,11181,4.6,32640,13.3,34948,14.2,6721,2.7,1.45,4.14,5.42,4.30,3.41,1.42,210573,2851,8185,14684,1524,6484,861,88,232,57
0608,489633,16930,3.5,4102,0.8,4179,0.9,38014,7.8,38481,7.9,58698,12.0,59583,12.2,21084,4.3,1.54,5.43,6.60,5.49,2.96,1.49,429969,1616,12011,9966,4165,16726,7311,1082,3747,3040
0609,244169,13134,5.4,215,0.1,238,0.1,21285,8.7,23402,9.6,132241,54.2,136564,55.9,8151,3.3,2.95,4.48,6.11,4.56,4.57,2.86,107588,7168,17072,67207,4894,33747,3678,589,1945,281
0610,233961,4506,1.9,151,0.1,391,0.2,37979,16.2,41709,17.8,67378,28.8,70357,30.1,33473,14.3,2.00,4.32,5.27,4.42,3.10,1.98,163602,6265,16871,19069,11348,11253,4856,339,296,62
0611,244206,6285,2.6,1878,0.8,2194,0.9,18800,7.7,19676,8.1,43901,18.0,46184,18.9,12515,5.1,1.66,4.51,6.07,4.63,4.04,1.60,198004,2982,11455,16928,1513,7861,2013,551,1949,950
0612,181137,0,0.0,124,0.1,172,0.1,3845,2.1,3848,2.1,6400,3.5,7865,4.3,3845,2.1,1.16,4.64,6.29,5.22,,1.16,173253,1364,1536,958,505,2541,611,53,230,86
0613,201495,5953,3.0,816,0.4,1179,0.6,15551,7.7,16055,8.0,23781,11.8,27795,13.8,9598,4.8,1.48,4.51,5.70,4.93,3.62,1.42,173682,4197,5066,7054,2237,5648,1999,259,980,373
0614,210331,9275,4.4,3614,1.7,7805,3.7,21977,10.4,30817,14.7,36040,17.1,41851,19.9,12702,6.0,1.96,5.81,7.72,6.26,6.01,1.77,168447,1028,6615,11488,2492,6536,2626,613,4481,6005
0615,227609,4460,2.0,1116,0.5,1329,0.6,19594,8.6,21601,9.5,44576,19.6,49615,21.8,15134,6.6,1.74,4.41,5.80,4.68,3.47,1.71,177976,5831,9344,15500,3353,12382,1537,136,1104,446
0616,212407,23623,11.1,122,0.1,124,0.1,56220,26.5,62136,29.3,111221,52.4,113663,53.5,32597,15.3,2.97,4.68,5.59,4.74,4.21,2.81,98756,5278,16373,32866,16818,39991,2067,84,137,37
0617,200946,16576,8.2,118,0.1,145,0.1,13329,6.6,13948,6.9,39302,19.6,41569,20.7,-3247,-1.6,1.64,4.10,5.44,4.22,2.70,1.55,159343,3150,11732,15812,1322,8519,689,90,230,59
0618,239673,11780,4.9,5036,2.1,5929,2.5,28568,11.9,29475,12.3,47497,19.8,50178,20.9,16788,7.0,1.86,5.09,6.36,5.24,4.71,1.71,189477,2088,9658,17050,1459,9940,2693,730,3078,3500
0619,192377,12437,6.5,464,0.2,502,0.3,18194,9.5,18934,9.8,40764,21.2,42830,22.3,5757,3.0,1.77,4.44,5.76,4.57,3.33,1.66,149514,2592,10477,14283,1770,10908,1662,274,520,377
0620,219870,12712,5.8,2049,0.9,2221,1.0,19767,9.0,20637,9.4,29854,13.6,31415,14.3,7055,3.2,1.64,5.45,6.61,5.63,4.27,1.47,188421,1743,4666,6048,2244,9291,2769,494,2547,1647
0621,222708,20279,9.1,54,0.0,63,0.0,13077,5.9,13923,6.3,31552,14.2,33327,15.0,-7202,-3.2,1.46,4.07,5.45,4.19,2.39,1.37,189387,3300,11001,8327,3434,5753,1190,76,204,36
0622,248517,21426,8.6,68,0.0,84,0.0,39015,15.7,41738,16.8,74907,30.1,77887,31.3,17589,7.1,2.05,4.36,5.48,4.45,3.06,1.96,170637,6778,19038,18970,10804,18043,3750,150,304,43
0623,400716,25350,6.3,1880,0.5,2053,0.5,29424,7.3,30891,7.7,64188,16.0,65650,16.4,4074,1.0,1.58,4.51,5.87,4.57,2.35,1.52,335054,3293,17515,20815,5149,11847,3573,448,1707,1315
0624,275007,14237,5.2,11841,4.3,12123,4.4,30104,10.9,30386,11.0,36948,13.4,38200,13.9,15867,5.8,1.78,6.63,7.59,6.79,4.55,1.63,236794,2742,3324,3156,2173,6805,5750,1609,6114,6540
0625,291311,16166,5.5,1922,0.7,2008,0.7,26151,9.0,27005,9.3,39185,13.5,40212,13.8,9985,3.4,1.60,5.31,6.38,5.40,3.47,1.49,251068,1607,7682,6565,4176,10757,4884,716,2621,1235
0626,219971,9044,4.1,3904,1.8,4063,1.8,25509,11.6,25689,11.7,34045,15.5,34494,15.7,16465,7.5,1.79,6.01,6.91,6.06,4.50,1.67,185475,731,4375,4365,1593,12126,4361,825,3904,2216
0627,200317,37,0.0,1307,0.7,1364,0.7,18352,9.2,18705,9.3,29323,14.6,29736,14.8,18315,9.1,1.59,4.97,5.89,5.01,4.95,1.59,170574,679,5507,9887,1419,7769,2172,318,1015,977
0628,175374,987,0.6,1634,0.9,1724,1.0,18714,10.7,19017,10.8,25704,14.7,26130,14.9,17727,10.1,1.73,5.89,6.82,5.95,5.67,1.71,149234,432,3823,3969,1260,8576,2877,590,2902,1711
0629,128047,341,0.3,615,0.5,794,0.6,22711,17.7,23478,18.3,33801,26.4,34511,27.0,22370,17.5,2.05,4.88,5.70,4.94,3.19,2.04,93527,1434,6735,7031,4553,11139,2417,384,659,168
0630,202690,334,0.2,376,0.2,597,0.3,19787,9.8,20590,10.2,32559,16.1,33491,16.5,19453,9.6,1.66,5.01,6.15,5.10,4.30,1.66,169183,1422,7259,6183,3121,10305,2854,401,1671,291
0631,208942,3543,1.7,2284,1.1,2287,1.1,23223,11.1,23426,11.2,34901,16.7,35256,16.9,19680,9.4,1.75,5.44,6.51,5.48,3.27,1.72,173670,873,6563,5441,2357,11902,3962,706,2485,983
0632,168422,95,0.1,170,0.1,182,0.1,18830,11.2,19284,11.4,39737,23.6,40544,24.1,18735,11.1,1.82,4.40,5.47,4.45,3.43,1.82,127838,1720,9427,16513,968,9426,1708,203,507,112
0633,228083,1743,0.8,2541,1.1,2581,1.1,16513,7.2,16876,7.4,23457,10.3,24079,10.6,14770,6.5,1.51,5.79,6.85,5.89,5.91,1.47,203993,679,3678,6701,662,4778,1384,337,2751,3120
0634,105955,758,0.7,178,0.2,183,0.2,7618,7.2,7733,7.3,11698,11.0,11907,11.2,6860,6.5,1.42,4.74,5.46,4.78,3.11,1.41,94042,218,2373,4671,206,3268,574,98,311,194
0635,184829,1331,0.7,2,0.0,2,0.0,10383,5.6,10555,5.7,21825,11.8,22138,12.0,9052,4.9,1.40,4.34,5.43,4.37,1.92,1.40,162658,771,6188,7458,1457,5510,590,44,150,3
0636,387631,20208,5.2,1157,0.3,1267,0.3,50731,13.1,51245,13.2,83292,21.5,83965,21.7,30523,7.9,1.85,4.90,5.89,4.92,2.68,1.80,303580,1148,19409,21600,3488,28874,5917,673,2203,739
0637,150300,2593,1.7,0,0.0,15,0.0,12700,8.4,13091,8.7,27684,18.4,28119,18.7,10107,6.7,1.64,4.40,5.41,4.44,3.98,1.60,122176,824,6091,11990,1208,6682,1054,69,201,5
0638,174353,309,0.2,46,0.0,46,0.0,9966,5.7,10567,6.1,39094,22.4,40282,23.1,9657,5.5,1.59,3.57,4.44,3.62,4.20,1.59,134059,2311,21480,12208,39,4178,26,0,17,35
0639,206881,1204,0.6,11,0.0,11,0.0,8142,3.9,8220,4.0,21498,10.4,21875,10.6,6938,3.4,1.32,4.00,4.84,4.03,2.53,1.31,184977,780,7406,9830,235,3022,273,63,257,38
0640,108671,81,0.1,1,0.0,1,0.0,5592,5.1,5866,5.4,18180,16.7,18950,17.4,5511,5.1,1.46,3.65,4.70,3.73,4.17,1.46,89714,1474,8087,7075,175,2130,13,2,0,1
0641,200645,1960,1.0,1332,0.7,1428,0.7,13830,6.9,14082,7.0,22055,11.0,22335,11.1,11870,5.9,1.46,5.12,6.20,5.16,3.31,1.44,178294,654,4810,3758,1583,7483,2637,563,790,73
0642,293278,6096,2.1,1726,0.6,2057,0.7,29216,10.0,29355,10.0,41284,14.1,41647,14.2,23120,7.9,1.67,5.73,6.75,5.77,3.28,1.64,251620,896,7149,4747,2079,13218,7359,1201,4318,691
0643,151473,88,0.1,1,0.0,1,0.0,8666,5.7,8902,5.9,15374,10.1,15716,10.4,8578,5.7,1.34,4.26,4.80,4.31,2.56,1.34,135748,490,3023,8202,25,3946,32,1,3,3
0644,140557,352,0.3,30,0.0,34,0.0,6131,4.4,6637,4.7,24349,17.3,25808,18.4,5779,4.1,1.48,3.60,4.34,3.68,3.29,1.47,114744,2379,9921,11315,121,2017,12,5,7,36
0645,248384,1219,0.5,887,0.4,887,0.4,9578,3.9,9584,3.9,19347,7.8,19504,7.9,8359,3.4,1.28,4.60,5.61,4.62,4.81,1.27,228864,259,4539,8415,493,4220,390,68,431,705
0646,125335,3927,3.1,126,0.1,126,0.1,2989,2.4,3061,2.4,18701,14.9,19334,15.4,-938,-0.7,1.43,3.80,5.44,3.87,1.41,1.43,105993,1172,7223,8199,348,2097,155,8,97,43
0647,172513,7706,4.5,689,0.4,1303,0.8,9418,5.5,11438,6.6,43401,25.2,46950,27.2,1712,1.0,1.75,3.75,5.14,3.85,4.20,1.63,125539,3960,19671,16882,423,4398,630,277,642,91
0648,220556,17788,8.1,2776,1.3,4421,2.0,10728,4.9,11584,5.3,30101,13.6,41940,19.0,-7060,-3.2,1.67,4.53,6.60,5.03,3.27,1.53,178597,7246,10450,12213,669,3868,971,361,2498,3683
0649,281068,12217,4.3,275,0.1,425,0.2,6370,2.3,7107,2.5,10818,3.8,11308,4.0,-5847,-2.1,1.16,5.02,5.95,5.06,1.74,1.14,269753,257,2373,2702,489,4123,631,97,420,223
0650,257556,8528,3.3,699,0.3,798,0.3,15730,6.1,15827,6.1,22918,8.9,22969,8.9,7202,2.8,1.41,5.63,6.61,5.64,2.90,1.36,234559,184,4026,3349,1314,8024,2951,559,2044,546
0651,198591,6894,3.5,69,0.0,105,0.1,4237,2.1,4610,2.3,11455,5.8,12014,6.0,-2657,-1.3,1.21,4.47,6.30,4.54,1.87,1.19,186509,476,4526,2215,714,3029,634,75,344,69
0652,245075,2804,1.1,495,0.2,892,0.4,3846,1.6,5919,2.4,7076,2.9,9091,3.7,1042,0.4,1.16,5.23,6.83,5.52,4.24,1.12,235978,503,1728,1228,1026,2901,706,143,740,122
0653,209469,1283,0.6,0,0.0,5,0.0,3596,1.7,3662,1.7,6633,3.2,6674,3.2,2313,1.1,1.12,4.89,5.93,4.91,2.69,1.11,202795,50,1631,1510,167,2758,402,22,121,13
0801,231462,1933,0.8,33,0.0,37,0.0,6187,2.7,6497,2.8,12059,5.2,12655,5.5,4254,1.8,1.21,4.76,6.11,4.87,4.13,1.19,218512,653,3050,2674,990,4264,949,94,241,35
0802,383700,8651,2.3,7751,2.0,7879,2.1,31215,8.1,32138,8.4,43506,11.3,44437,11.6,22564,5.9,1.66,6.39,7.60,6.48,5.52,1.57,336977,1137,6227,5576,2736,11197,5110,1137,6522,7081
0803,379778,7939,2.1,4707,1.2,4809,1.3,29478,7.8,30236,8.0,40476,10.7,41395,10.9,21539,5.7,1.61,6.02,7.09,6.14,4.58,1.55,333694,1757,5804,6145,3332,11936,6326,1313,5759,3712
0804,390413,12517,3.2,2453,0.6,2483,0.6,22415,5.7,22698,5.8,35958,9.2,36346,9.3,9898,2.5,1.44,5.35,6.48,5.35,2.97,1.38,351324,819,7964,6709,3323,11267,4586,655,2454,1312
0805,357304,6711,1.9,3846,1.1,3999,1.1,25332,7.1,25266,7.1,35489,9.9,35496,9.9,18621,5.2,1.53,6.10,7.10,6.08,4.42,1.47,320160,333,5679,4418,2022,10747,5318,1104,4818,2705
0806,280038,1396,0.5,85,0.0,90,0.0,4812,1.7,5046,1.8,9369,3.3,9609,3.4,3416,1.2,1.14,4.90,6.28,4.94,3.76,1.13,270021,299,2670,1709,755,3178,886,123,356,41
0807,273542,4185,1.5,239,0.1,250,0.1,7339,2.7,7891,2.9,13526,4.9,14141,5.2,3154,1.2,1.22,5.02,6.39,5.13,3.52,1.18,258713,699,3211,2616,1176,4838,1248,192,658,191
0901,180418,5106,2.8,3297,1.8,3680,2.0,18252,10.1,19572,10.8,25872,14.3,27111,15.0,13146,7.3,1.73,5.87,7.00,6.06,6.36,1.60,153298,1335,3087,3709,1863,8470,3405,609,2823,1819
0902,279010,18406,6.6,12412,4.4,13556,4.9,28218,10.1,30559,11.0,35301,12.7,43543,15.6,9812,3.5,1.84,6.35,7.88,7.11,5.74,1.56,235431,1500,6964,5231,2714,7733,4698,1051,6236,7452
0903,210070,15432,7.3,5642,2.7,6994,3.3,22689,10.8,26493,12.6,30946,14.7,37000,17.6,7257,3.5,1.87,5.94,7.32,6.50,6.29,1.52,173047,1417,5621,4349,3116,10140,3836,751,4209,3584
0904,198005,15420,7.8,7220,3.6,8525,4.3,27723,14.0,30186,15.2,36572,18.5,41548,21.0,12303,6.2,2.06,6.04,7.27,6.50,6.57,1.68,156416,2280,4943,4622,2915,11971,4743,960,5560,3595
0905,193331,6011,3.1,6577,3.4,7109,3.7,19433,10.1,20247,10.5,24816,12.8,25601,13.2,13422,6.9,1.76,6.71,7.66,6.87,6.11,1.62,167706,831,1652,2767,1241,6729,3637,694,3991,4083
1000,423042,28923,6.8,16052,3.8,19401,4.6,43166,10.2,51660,12.2,58535,13.8,71210,16.8,14243,3.4,1.84,5.99,7.52,6.67,7.39,1.43,351798,4953,10604,7193,7602,16480,5160,1073,7263,10916
1198,136756,1358,1.0,89,0.1,106,0.1,7380,5.4,8025,5.9,11768,8.6,12618,9.2,6022,4.4,1.38,5.12,6.25,5.34,4.85,1.35,124132,821,1992,2014,833,5268,980,138,508,70
1201,426038,44949,10.6,9435,2.2,17426,4.1,63923,15.0,73129,17.2,89674,21.0,111538,26.2,18974,4.5,2.13,5.33,6.86,6.06,5.80,1.70,314485,16123,13848,12394,9580,31761,9735,2967,10951,4194
1202,547010,105124,19.2,24381,4.5,32882,6.0,112442,20.6,129899,23.7,152697,27.9,173001,31.6,7318,1.3,2.55,5.90,7.11,6.37,5.28,1.90,373938,13876,15173,16703,18315,56403,16461,3261,18575,14305
1203,392301,36649,9.3,7560,1.9,9214,2.3,37249,9.5,44587,11.4,51886,13.2,59363,15.1,600,0.2,1.72,5.74,7.00,6.15,3.60,1.52,332913,5291,5584,7100,6306,15759,8160,1734,6645,2809
1204,351922,37554,10.7,9898,2.8,17302,4.9,57162,16.2,84025,23.9,100099,28.4,119049,33.8,19608,5.6,2.46,5.32,6.90,5.81,5.69,2.08,232839,13395,15396,12145,17989,36677,6153,1844,11063,4421
1205,313068,20941,6.7,5844,1.9,7284,2.3,31102,9.9,41525,13.3,44273,14.1,53815,17.2,10161,3.2,1.77,5.47,6.77,5.94,4.73,1.56,259219,4726,6184,7686,7844,13388,5530,1112,4984,2395
1206,411688,55632,13.5,13133,3.2,20014,4.9,78407,19.0,104459,25.4,128818,31.3,173882,42.2,22775,5.5,2.74,5.13,6.86,5.91,4.91,2.41,237785,10696,40145,24118,19160,47450,10260,3293,12716,6065
1207,260362,13733,5.3,215,0.1,331,0.1,13901,5.3,16819,6.5,21130,8.1,24800,9.5,168,0.1,1.41,5.25,6.70,5.82,2.54,1.34,235546,3667,2013,2977,3247,6712,3204,915,2005,76
1208,385725,52725,13.7,19873,5.2,32604,8.5,95854,24.9,110450,28.6,128082,33.2,148956,38.6,43129,11.2,2.83,5.74,7.04,6.29,3.96,2.65,236717,16060,15146,17068,14241,38892,13860,4941,20330,8470
1209,419428,57027,13.6,5330,1.3,6393,1.5,28964,6.9,33983,8.1,43191,10.3,49763,11.9,-28063,-6.7,1.53,5.43,6.94,5.95,2.76,1.33,369648,6755,4807,6600,6162,10120,6354,1867,6307,808
1210,257023,11444,4.5,369,0.1,493,0.2,9871,3.8,12168,4.7,16708,6.5,19797,7.7,-1573,-0.6,1.31,5.01,6.63,5.56,2.21,1.27,237219,3108,2158,2850,2713,5081,1785,608,1266,235
1211,558681,50374,9.0,11365,2.0,19117,3.4,78936,14.1,93494,16.7,109202,19.5,119880,21.5,28562,5.1,2.07,5.98,7.12,6.29,5.05,1.77,438768,8067,8881,11066,13578,41444,12094,2543,13463,8777
1212,356405,83649,23.5,9350,2.6,22368,6.3,63059,17.7,73680,20.7,102262,28.7,119211,33.4,-20590,-5.8,2.52,5.55,7.25,6.12,5.20,1.70,237160,15207,10793,15828,11805,36102,6043,1366,13619,8482
1213,230186,65307,28.4,21002,9.1,41517,18.0,76206,33.1,81560,35.4,102163,44.4,125073,54.3,10899,4.7,3.71,5.98,7.83,6.85,7.83,2.08,105096,20331,12284,11380,7465,29873,2302,364,20945,20146
1214,260095,44339,17.0,3818,1.5,7318,2.8,71349,27.4,84547,32.5,95457,36.7,113371,43.6,27010,10.4,2.92,5.41,6.33,5.89,5.76,2.34,146717,4341,15551,9771,11529,61691,2671,288,4632,2904
1215,307646,32165,10.5,1174,0.4,1528,0.5,16895,5.5,22688,7.4,30361,9.9,37938,12.3,-15270,-5.0,1.48,4.92,6.50,5.49,2.42,1.38,269692,3615,7164,5750,5151,9929,3370,855,1835,285
1216,341048,68313,20.0,20271,5.9,30183,8.9,75863,22.2,88043,25.8,104336,30.6,134957,39.6,7550,2.2,2.79,5.52,7.41,6.51,6.85,1.77,206065,27903,13933,10209,9422,32806,8090,1734,16719,14167
1217,664794,170473,25.6,52794,7.9,98011,14.7,262061,39.4,304487,45.8,326086,49.1,357892,53.8,91588,13.8,3.93,6.44,7.36,6.77,7.08,2.84,306869,15270,26381,20620,36867,125774,29792,7082,51345,44794
1218,341669,19380,5.7,12138,3.6,18651,5.5,83431,24.4,97728,28.6,120971,35.4,150821,44.1,64051,18.7,2.84,5.16,6.61,5.78,6.53,2.62,190834,14097,28071,22250,15664,37459,14413,2719,10032,6130
1219,446271,184389,41.3,33991,7.6,117636,26.4,239732,53.7,271991,60.9,311725,69.9,357494,80.1,55343,12.4,5.24,6.29,7.57,6.85,7.36,3.74,88770,24913,36319,22647,30651,105593,19646,8330,86164,23238
1220,199266,31570,15.8,1977,1.0,4789,2.4,42120,21.1,49964,25.1,76170,38.2,102177,51.3,10550,5.3,2.62,4.17,5.91,4.85,3.72,2.42,97074,26043,17083,20522,8354,20826,5203,600,3139,422
1221,232204,12518,5.4,5521,2.4,8564,3.7,59250,25.5,66114,28.5,94449,40.7,107637,46.4,46732,20.1,2.71,4.69,5.94,5.01,6.68,2.49,124449,13883,17382,28334,7343,28412,3943,1029,4939,2490
1222,219377,48439,22.1,17993,8.2,34698,15.8,82840,37.8,92409,42.1,114586,52.2,124730,56.9,34401,15.7,3.79,5.91,7.20,6.24,6.06,3.15,94620,11896,12140,17782,9847,30005,9432,1903,22638,9114
1223,196682,40539,20.6,12437,6.3,18630,9.5,48905,24.9,54554,27.7,73125,37.2,90846,46.2,8366,4.3,2.90,5.11,7.04,5.85,5.42,2.24,105816,20308,11576,13719,6410,17280,2676,541,8356,10000
1224,159681,58368,36.6,6373,4.0,12856,8.1,47790,29.9,61373,38.4,81923,51.3,94121,58.9,-10578,-6.6,3.44,5.14,6.73,5.58,4.81,2.65,65558,10993,12307,16116,12332,28209,1527,580,6382,5677
1225,248407,149302,60.1,10383,4.2,11855,4.8,79656,32.1,94612,38.1,118865,47.9,140997,56.8,-69646,-28.0,3.12,4.74,5.93,5.23,3.63,2.35,107399,22136,17334,31356,14346,35071,10846,2516,5941,1462
1226,268212,172420,64.3,56856,21.2,57728,21.5,130157,48.5,148534,55.4,168934,63.0,181510,67.7,-42263,-15.8,4.69,6.45,7.61,6.78,5.72,2.83,86681,15518,12325,20977,14378,45977,11169,1564,15106,44517
1227,147477,52054,35.3,12547,8.5,16464,11.2,57746,39.2,68800,46.7,84304,57.2,97462,66.1,5692,3.9,3.97,5.50,6.91,5.98,6.26,2.72,50006,10156,12319,12893,11084,29732,4665,643,4604,11375
1301,353624,52202,14.8,10651,3.0,16599,4.7,52578,14.9,62587,17.7,82669,23.4,100698,28.5,376,0.1,2.17,5.12,6.89,5.78,4.36,1.79,252915,17932,16154,10154,9055,24816,6301,1313,8360,6624
1302,338490,17286,5.1,6245,1.8,6825,2.0,29552,8.7,31385,9.3,39855,11.8,42607,12.6,12266,3.6,1.64,6.02,7.18,6.29,4.54,1.48,295521,2920,4371,4654,3081,10938,7109,1433,5699,2764
1303,334827,6582,2.0,4362,1.3,4695,1.4,17065,5.1,17939,5.4,20825,6.2,21710,6.5,10483,3.1,1.38,6.78,7.65,6.98,4.10,1.32,312876,952,1446,1613,1355,4302,4106,1296,4473,2408
1304,252865,4233,1.7,1142,0.5,1246,0.5,13261,5.2,14129,5.6,16667,6.6,17510,6.9,9028,3.6,1.38,6.47,7.37,6.68,5.03,1.32,235118,893,1299,1279,1005,4195,3734,1093,3553,696
1305,227045,4537,2.0,473,0.2,517,0.2,17207,7.6,18221,8.0,21671,9.5,22691,10.0,12670,5.6,1.53,6.32,7.17,6.53,5.88,1.45,204262,1075,1478,1851,1120,7197,4283,1083,4283,413
1306,225958,3893,1.7,978,0.4,1027,0.5,16006,7.1,17313,7.7,20480,9.1,21569,9.5,12113,5.4,1.52,6.38,7.29,6.61,5.73,1.44,204267,1155,1391,1687,1270,6183,4046,1021,4259,679
1307,261368,3430,1.3,923,0.4,968,0.4,14957,5.7,15861,6.1,18613,7.1,19585,7.5,11527,4.4,1.41,6.43,7.31,6.66,3.68,1.38,241458,1032,1248,1604,1229,4560,4496,1319,3890,532
1308,349531,12402,3.5,4346,1.2,4825,1.4,16791,4.8,17802,5.1,20940,6.0,22105,6.3,4389,1.3,1.35,6.37,7.30,6.61,3.66,1.26,327002,1244,1750,1982,1894,4819,4362,920,3941,1617
1309,441983,9454,2.1,17105,3.9,17998,4.1,33760,7.6,34770,7.9,39056,8.8,40087,9.1,24306,5.5,1.61,7.70,8.47,7.86,6.78,1.50,401718,1150,2008,2170,1324,6272,4394,1342,8653,12952
1310,373179,9009,2.4,6697,1.8,7391,2.0,21424,5.7,22354,6.0,26401,7.1,27344,7.3,12415,3.3,1.43,6.83,7.74,7.00,4.60,1.35,345556,1123,1928,2273,1597,5319,4625,1252,5670,3836
1311,273144,4154,1.5,2872,1.1,3135,1.1,19835,7.3,21070,7.7,24459,9.0,25559,9.4,15681,5.7,1.53,6.59,7.44,6.80,5.17,1.47,247468,1175,1524,2028,1618,6261,4770,1381,5101,1818
1312,350613,13113,3.7,4696,1.3,5139,1.5,21170,6.0,22689,6.5,28101,8.0,29781,8.5,8057,2.3,1.44,6.08,7.12,6.31,4.01,1.34,320442,1799,2503,4057,2122,7256,5144,1079,4783,1428
1313,280459,4894,1.7,917,0.3,1078,0.4,15830,5.6,16835,6.0,19927,7.1,20948,7.5,10936,3.9,1.40,6.34,7.23,6.56,4.02,1.36,259214,1096,1522,1661,1398,5196,4666,1330,3894,482
1314,331505,11937,3.6,9200,2.8,9691,2.9,31346,9.5,32539,9.8,39226,11.8,40225,12.1,19409,5.9,1.70,6.76,7.66,6.89,4.98,1.58,291153,1207,3258,3492,2240,8200,7009,1927,8315,4704
1601,514935,21819,4.2,22274,4.3,23604,4.6,73686,14.3,78174,15.2,105614,20.5,110556,21.5,51867,10.1,2.15,6.03,7.25,6.22,5.13,2.02,397449,5966,11099,19507,8315,34415,10290,1487,11032,15375
1602,489536,16228,3.3,9880,2.0,11434,2.3,64263,13.1,70687,14.4,110814,22.6,118107,24.1,48035,9.8,2.10,5.25,6.61,5.42,4.63,2.01,363177,9582,17383,27329,11700,33682,11413,1420,7761,6089
1701,238081,4096,1.7,226,0.1,234,0.1,21879,9.2,23700,10.0,38408,16.1,40946,17.2,17783,7.5,1.64,4.69,5.78,4.86,3.87,1.60,196599,2671,7239,11399,3107,14273,2091,187,425,90
1702,290848,11681,4.0,2993,1.0,3032,1.0,29840,10.3,31354,10.8,55495,19.1,56864,19.6,18159,6.2,1.79,4.99,6.27,5.04,4.02,1.70,232891,1940,11250,14594,4327,18359,3556,534,1834,1563
1703,234917,3342,1.4,3350,1.4,3375,1.4,28024,11.9,30122,12.8,49521,21.1,50685,21.6,24682,10.5,1.91,5.18,6.52,5.25,4.86,1.87,183654,1599,10452,9539,4238,17400,3145,376,2952,1562
1704,146352,1914,1.3,1418,1.0,1431,1.0,23594,16.1,25954,17.7,47554,32.5,49207,33.6,21680,14.8,2.27,4.77,6.01,4.86,5.12,2.23,97110,2077,10267,10826,5291,17849,1624,466,520,322
1705,175386,2295,1.3,4180,2.4,4190,2.4,19869,11.3,20687,11.8,34448,19.6,35543,20.3,17574,10.0,1.85,5.16,6.44,5.26,3.83,1.82,139760,1598,6709,6686,2872,11536,2603,889,2404,329
1706,249599,6927,2.8,2715,1.1,2762,1.1,19036,7.6,19984,8.0,28630,11.5,29427,11.8,12109,4.9,1.57,5.60,6.71,5.70,5.22,1.46,218929,898,4462,4583,2083,11673,3093,440,1626,1812
1707,166308,1934,1.2,920,0.6,932,0.6,15000,9.0,16208,9.7,38914,23.4,40542,24.4,13066,7.9,1.82,4.38,6.15,4.48,4.80,1.79,125758,2004,15071,7298,2732,11069,1353,149,387,487
1708,187508,2962,1.6,1001,0.5,1011,0.5,11063,5.9,11865,6.3,19790,10.6,20530,10.9,8101,4.3,1.46,5.08,6.40,5.20,5.03,1.40,166363,879,4074,4003,1571,7692,1578,235,614,499
1709,177992,2358,1.3,1288,0.7,1319,0.7,17186,9.7,18386,10.3,35099,19.7,36318,20.4,14828,8.3,1.75,4.66,5.99,4.76,5.37,1.70,141531,1665,9030,8655,3141,10840,1960,332,641,197
1710,221392,10141,4.6,1134,0.5,1155,0.5,10219,4.6,10749,4.9,18186,8.2,18775,8.5,78,0.0,1.37,5.10,6.40,5.18,3.81,1.25,201595,795,3906,3866,1417,6532,1806,271,859,345
1711,222504,6499,2.9,2223,1.0,2400,1.1,14542,6.5,15103,6.8,23302,10.5,23868,10.7,8043,3.6,1.50,5.58,6.90,5.67,5.84,1.37,198083,664,4287,4031,1465,7871,2388,381,1626,1708
1712,442920,36659,8.3,7442,1.7,7825,1.8,36473,8.2,38131,8.6,54544,12.3,56575,12.8,-186,0.0,1.64,5.43,6.61,5.48,3.25,1.49,379300,6357,8959,14025,2125,13971,5589,1260,7034,4300
1713,354040,7631,2.2,5480,1.5,5653,1.6,20021,5.7,20747,5.9,28499,8.0,29205,8.2,12390,3.5,1.46,6.09,7.23,6.14,4.63,1.39,322041,828,4815,3559,2364,8468,4107,707,4162,2989
1714,328520,14833,4.5,2843,0.9,2904,0.9,18839,5.7,19397,5.9,28950,8.8,29541,9.0,4006,1.2,1.46,5.66,6.80,5.69,3.91,1.34,296320,689,5386,4801,1961,9880,4808,766,2423,1486
1715,516571,35200,6.8,15145,2.9,15611,3.0,38071,7.4,39123,7.6,49549,9.6,50660,9.8,2871,0.6,1.70,6.65,7.60,6.69,4.34,1.50,452955,1391,5783,6220,3962,14749,9916,1760,11976,7859
1716,394947,20112,5.1,9394,2.4,9619,2.4,34928,8.8,35804,9.1,50809,12.9,51812,13.1,14816,3.8,1.70,6.03,7.22,6.09,4.87,1.53,339970,1257,7758,7859,3543,14348,7594,1247,6284,5087
1717,393279,18908,4.8,8818,2.2,9007,2.3,31609,8.0,32133,8.2,47495,12.1,47876,12.2,12701,3.2,1.66,5.97,7.15,5.96,5.23,1.47,341421,761,8220,8883,2254,14209,5458,926,5739,5408
1718,422575,18217,4.3,9400,2.2,9527,2.3,26477,6.3,26820,6.3,35776,8.5,36127,8.5,8260,2.0,1.53,6.38,7.45,6.42,4.16,1.41,381291,568,5836,4877,2379,9404,5476,1171,6432,5141
1801,350625,13192,3.8,1336,0.4,1417,0.4,27790,7.9,30248,8.6,56185,16.0,58274,16.6,14598,4.2,1.63,4.79,6.20,4.89,2.93,1.57,292255,2505,14210,13061,4557,17036,4207,617,1642,535
1802,389040,13523,3.5,8550,2.2,8726,2.2,38019,9.8,39544,10.2,55732,14.3,57140,14.7,24496,6.3,1.73,5.96,7.17,6.06,4.63,1.63,331817,1800,7273,9420,3989,14818,7102,1446,5995,5380
1803,406093,19823,4.9,4749,1.2,4958,1.2,26999,6.6,27992,6.9,44199,10.9,45150,11.1,7176,1.8,1.51,5.54,6.77,5.62,3.90,1.38,360921,1196,6893,8718,3017,13509,5543,908,3660,1728
1804,416270,15500,3.7,14901,3.6,15270,3.7,39702,9.5,41000,9.8,52582,12.6,54034,13.0,24202,5.8,1.72,6.53,7.63,6.66,5.68,1.57,362196,1589,5985,6148,3526,12031,6960,1227,7107,9501
1805,363091,15149,4.2,4546,1.3,4690,1.3,21933,6.0,23035,6.3,37150,10.2,38436,10.6,6784,1.9,1.47,5.46,6.91,5.58,5.06,1.32,324645,1464,7231,6707,2721,10600,4037,590,2769,2327
1806,418182,21637,5.2,12016,2.9,12505,3.0,32247,7.7,33648,8.0,46155,11.0,47410,11.3,10610,2.5,1.60,6.31,7.58,6.43,4.92,1.42,370751,1453,6122,6428,2870,10624,5491,1091,6624,6728
1807,272954,10686,3.9,1472,0.5,1486,0.5,14175,5.2,14757,5.4,27140,9.9,27732,10.2,3489,1.3,1.41,5.06,6.35,5.13,3.30,1.34,245197,725,5398,6890,1559,9186,2057,309,810,823
1808,486108,36744,7.6,15430,3.2,16167,3.3,50371,10.4,52404,10.8,69487,14.3,71452,14.7,13627,2.8,1.75,6.12,7.26,6.24,4.68,1.52,414542,3124,9044,10768,3653,16734,8723,1769,9843,7908
1809,405280,22723,5.6,12895,3.2,13325,3.3,35118,8.7,36181,8.9,44615,11.0,45566,11.2,12395,3.1,1.64,6.65,7.60,6.76,4.83,1.45,359659,1490,4234,5063,2179,10370,6158,1221,7459,7447
1901,533489,37471,7.0,19626,3.7,19834,3.7,53974,10.1,54407,10.2,75599,14.2,76087,14.3,16503,3.1,1.92,6.49,7.56,6.46,5.36,1.64,444525,947,10463,12790,3700,20627,11753,2247,13686,12751
1902,571785,39122,6.8,20102,3.5,20414,3.6,49229,8.6,49344,8.6,68180,11.9,68440,12.0,10107,1.8,1.84,6.67,7.75,6.61,5.54,1.56,486905,646,10785,9196,3179,19220,11725,2211,14711,13207
1903,538765,31156,5.8,13299,2.5,13373,2.5,46352,8.6,46173,8.6,66438,12.3,66333,12.3,15196,2.8,1.78,6.17,7.21,6.08,5.44,1.56,457298,2567,9690,11386,3472,22418,11441,1886,10184,8423
1904,778997,44974,5.8,28985,3.7,28800,3.7,87973,11.3,87527,11.2,113860,14.6,113468,14.6,42999,5.5,1.96,6.51,7.33,6.47,5.36,1.73,643158,1042,14273,14501,7769,33808,24948,3669,23147,12682
2001,525508,31125,5.9,12375,2.4,12394,2.4,42363,8.1,42156,8.0,64008,12.2,64022,12.2,11238,2.1,1.73,5.84,6.99,5.75,3.89,1.52,445919,3145,12388,13186,5133,17269,10562,2039,9362,6505
2002,411284,26755,6.5,5700,1.4,5777,1.4,24660,6.0,25141,6.1,36020,8.8,36478,8.9,-2095,-0.5,1.53,5.88,6.90,5.82,4.55,1.31,366918,749,7398,5984,2137,14242,5155,825,4283,3593
2003,319428,4678,1.5,1728,0.5,1757,0.6,19457,6.1,19711,6.2,27711,8.7,27959,8.8,14779,4.6,1.44,5.84,6.83,5.84,5.26,1.38,290302,333,5035,3208,1376,9873,4253,848,3057,1143
2004,383057,16897,4.4,4173,1.1,4261,1.1,23943,6.3,24549,6.4,40453,10.6,41316,10.8,7046,1.8,1.51,5.13,6.25,5.02,3.92,1.34,335801,4267,7640,12160,2346,9836,4310,835,3827,2035
2101,458518,23376,5.1,16462,3.6,17234,3.8,41499,9.1,42563,9.3,51375,11.2,53004,11.6,18123,4.0,1.68,6.86,7.79,7.02,4.67,1.52,405406,1929,4027,4920,2580,10438,8068,2027,10694,8429
2102,349699,17303,4.9,10165,2.9,10694,3.1,27856,8.0,29113,8.3,36562,10.5,37789,10.8,10553,3.0,1.61,6.65,7.75,6.81,3.81,1.50,311879,1423,3279,4073,2089,8491,4888,1212,6272,6093
2103,276231,9977,3.6,668,0.2,724,0.3,20392,7.4,22170,8.0,32102,11.6,33717,12.2,10415,3.8,1.46,4.76,5.84,4.90,3.83,1.37,242493,4407,4499,9538,1394,8782,2687,504,1551,376
2104,290171,11959,4.1,11094,3.8,11586,4.0,33057,11.4,34055,11.7,42546,14.7,43471,15.0,21098,7.3,1.86,6.75,7.72,6.85,7.00,1.63,246650,1247,4055,4190,1793,11852,4567,1016,6021,8780
2105,312802,26272,8.4,61525,19.7,64019,20.5,93711,30.0,95030,30.4,104180,33.3,105225,33.6,67439,21.6,3.49,8.37,8.96,8.45,7.64,3.10,207398,1372,4114,4577,2163,12138,7588,2014,17898,53540
2106,299379,7920,2.6,7826,2.6,8192,2.7,25625,8.6,26526,8.9,32235,10.8,33077,11.0,17705,5.9,1.63,6.71,7.61,6.84,6.19,1.51,266251,944,2584,3079,1557,8723,4955,1101,5043,5142
2201,316172,124134,39.3,19185,6.1,48331,15.3,129031,40.8,246166,77.9,251250,79.5,265424,83.9,4897,1.5,4.64,5.34,6.79,5.47,5.57,4.04,50718,8648,8062,144044,12238,36083,7045,1785,18010,29539
2202,330988,76506,23.1,11232,3.4,15112,4.6,99337,30.0,245965,74.3,254977,77.0,258574,78.1,22831,6.9,3.67,4.42,5.11,4.44,4.33,3.48,72406,2762,6791,214617,1004,15975,1189,295,11905,4044
2203,442053,128737,29.1,16946,3.8,30600,6.9,100027,22.6,135506,30.7,156164,35.3,193162,43.7,-28710,-6.5,3.00,5.57,6.95,6.28,4.44,2.40,248882,30877,17016,25077,16727,48327,14584,2834,12895,24834
2204,416364,49445,11.9,13234,3.2,13798,3.3,45575,10.9,47463,11.4,63466,15.2,66475,16.0,-3870,-0.9,1.77,5.85,7.05,6.03,3.53,1.54,349932,4237,9918,9967,3154,15164,7882,1652,9283,5175
2205,414702,64040,15.4,12610,3.0,13471,3.2,48202,11.6,50947,12.3,65345,15.8,68239,16.5,-15838,-3.8,1.74,5.52,6.59,5.68,3.03,1.51,346428,8164,6466,15617,1870,16627,5052,1118,8281,5079
2206,342958,118123,34.4,15520,4.5,30625,8.9,78271,22.8,95923,28.0,123768,36.1,136778,39.9,-39852,-11.6,2.80,5.52,6.96,5.81,4.27,2.03,206177,11074,22593,31590,7618,26620,6639,1129,10094,19424
2301,333080,14125,4.2,12433,3.7,14068,4.2,28829,8.7,31458,9.4,37199,11.2,41637,12.5,14704,4.4,1.69,6.48,7.80,6.94,5.21,1.53,291400,2737,3968,4715,2797,7960,4596,1128,6911,6868
2302,327952,15327,4.7,17191,5.2,18686,5.7,35710,10.9,37569,11.5,45869,14.0,48586,14.8,20383,6.2,1.86,6.78,7.94,7.05,5.10,1.70,279299,2335,3913,5306,2614,9605,5466,1243,8390,9781
2401,370674,31656,8.5,22379,6.0,29380,7.9,48386,13.1,58799,15.9,59114,15.9,77083,20.8,16730,4.5,2.11,6.35,7.87,7.24,7.00,1.66,293570,2388,12547,7579,7599,12592,7566,1194,15732,9907
2402,250683,5956,2.4,3113,1.2,3859,1.5,11612,4.6,13081,5.2,15332,6.1,20038,8.0,5656,2.3,1.38,5.70,7.28,6.53,6.97,1.24,230626,777,4438,2017,1544,4807,2155,399,2595,1325
2403,239859,2433,1.0,1551,0.6,2064,0.9,11117,4.6,12183,5.1,14506,6.0,17798,7.4,8684,3.6,1.35,5.67,6.95,6.28,6.48,1.29,222057,699,3366,1899,1176,5394,2111,407,1973,777
2404,218689,2965,1.4,1104,0.5,1296,0.6,12179,5.6,12921,5.9,15913,7.3,16990,7.8,9214,4.2,1.40,6.12,7.15,6.37,5.57,1.34,201683,685,1967,2145,926,4449,2543,657,2446,1188
2405,301367,7813,2.6,6559,2.2,8102,2.7,19257,6.4,24355,8.1,25039,8.3,29192,9.7,11444,3.8,1.54,6.54,7.80,7.06,6.84,1.40,272159,1048,2907,2730,2295,6653,3513,1022,5199,3841
2406,283951,4212,1.5,7006,2.5,7305,2.6,19434,6.8,20103,7.1,23817,8.4,24494,8.6,15222,5.4,1.51,6.92,7.80,7.07,6.78,1.43,259415,789,1728,2357,1014,5433,3316,863,4439,4597
2407,257980,2008,0.8,1495,0.6,1563,0.6,10373,4.0,11040,4.3,13859,5.4,14555,5.6,8365,3.2,1.29,6.07,7.07,6.28,6.69,1.24,243419,686,1335,1498,974,5207,1820,310,1576,1155
2408,225067,1606,0.7,1662,0.7,1791,0.8,10281,4.6,10779,4.8,13131,5.8,13747,6.1,8675,3.9,1.33,6.44,7.39,6.65,5.64,1.30,211313,636,1051,1220,677,3789,2331,600,2432,1018
2501,294066,7718,2.6,9940,3.4,10593,3.6,28814,9.8,30145,10.3,41819,14.2,43317,14.7,21096,7.2,1.76,6.16,7.41,6.31,5.49,1.66,250707,2008,4426,8050,1738,10791,4402,752,4772,6420
2502,262503,5100,1.9,5904,2.2,6392,2.4,23675,9.0,24832,9.5,32364,12.3,33545,12.8,18575,7.1,1.67,6.21,7.26,6.37,5.46,1.59,228895,1366,2873,4539,1815,10089,4627,889,3955,3455
2503,221492,6068,2.7,8640,3.9,9269,4.2,25338,11.4,26682,12.0,33454,15.1,34969,15.8,19270,8.7,1.86,6.46,7.54,6.67,6.58,1.73,186503,1647,2697,3928,1971,9713,4510,789,4309,5425
2504,236749,9139,3.9,2589,1.1,2893,1.2,19947,8.4,21248,9.0,28638,12.1,30166,12.7,10808,4.6,1.61,5.76,6.83,5.95,4.75,1.48,206559,1379,3057,4620,2057,9858,4641,754,2846,978
2505,197416,8276,4.2,4563,2.3,5449,2.8,22729,11.5,25185,12.8,33802,17.1,39512,20.0,14453,7.3,1.90,5.52,7.02,6.04,6.81,1.69,157861,3596,4876,6452,2543,11367,4367,630,3187,2537
2506,238924,16883,7.1,7574,3.2,9070,3.8,27905,11.7,30100,12.6,38003,15.9,43694,18.3,11022,4.6,1.89,5.87,7.28,6.41,6.34,1.55,195203,4500,4297,5498,2936,11317,5034,855,4641,4643
2507,112561,2365,2.1,603,0.5,1093,1.0,10985,9.8,14638,13.0,20461,18.2,30962,27.5,8620,7.7,1.97,4.52,6.33,5.37,5.27,1.90,81591,3028,8145,5681,2798,8775,1492,63,596,392
2508,216854,15412,7.1,5461,2.5,7451,3.4,23702,10.9,26359,12.2,33744,15.6,39996,18.4,8290,3.8,1.87,5.70,7.20,6.30,6.50,1.51,176825,3759,4824,5006,2734,11730,4042,706,4097,3131
2509,379122,46143,12.2,13119,3.5,17004,4.5,38168,10.1,45150,11.9,54497,14.4,71808,18.9,-7975,-2.1,1.85,5.50,7.55,6.51,5.06,1.41,307250,14004,7547,8191,5217,13095,6823,1340,8039,7616
2601,570654,15197,2.7,11251,2.0,11554,2.0,44190,7.7,45241,7.9,58634,10.3,59719,10.5,28993,5.1,1.56,6.24,7.22,6.32,3.09,1.52,509484,1563,7682,6967,4372,14333,9683,2342,8888,5340
2602,355528,6362,1.8,4099,1.2,4160,1.2,27743,7.8,28496,8.0,42972,12.1,43668,12.3,21381,6.0,1.57,5.60,6.77,5.67,4.57,1.50,311747,1006,7016,7077,3500,12987,6007,954,3449,1785
2603,301380,6418,2.1,5149,1.7,5283,1.8,25485,8.5,26139,8.7,36484,12.1,36947,12.3,19067,6.3,1.62,6.01,6.99,6.06,4.51,1.53,264346,741,3917,6626,2250,10551,5005,1261,3809,2874
2604,398926,9493,2.4,7384,1.9,7622,1.9,32004,8.0,32604,8.2,44680,11.2,45324,11.4,22511,5.6,1.57,5.99,7.04,6.04,3.82,1.51,353546,945,6617,6015,3819,11619,6483,1134,4805,3943
2605,319496,14493,4.5,1329,0.4,1372,0.4,16099,5.0,16460,5.2,28939,9.1,29331,9.2,1606,0.5,1.37,5.06,6.36,5.10,2.63,1.31,290135,570,6780,5732,2290,9456,2633,312,948,640
2606,371893,8350,2.2,4127,1.1,4333,1.2,27573,7.4,28646,7.7,39415,10.6,40345,10.8,19223,5.2,1.52,5.80,6.85,5.89,3.84,1.46,331454,1166,5655,5265,2863,12932,5719,1166,3722,1951
2607,338868,15967,4.7,4683,1.4,4834,1.4,25384,7.5,26426,7.8,38985,11.5,40140,11.8,9417,2.8,1.55,5.60,6.82,5.71,3.44,1.45,298661,1417,6513,6438,2969,11336,5334,968,3184,2048
2608,288367,8044,2.8,2285,0.8,2312,0.8,15103,5.2,15632,5.4,23843,8.3,24334,8.4,7059,2.4,1.39,5.56,6.77,5.64,3.75,1.32,263988,620,4089,3908,1494,8082,2877,533,1625,1151
2609,286183,1720,0.6,3107,1.1,3139,1.1,19529,6.8,21650,7.6,42645,14.9,44517,15.6,17809,6.2,1.58,4.72,6.25,4.82,3.68,1.57,241652,2127,11035,11096,4636,10189,2502,646,1672,628
2610,307635,15406,5.0,3257,1.1,3361,1.1,21403,7.0,22764,7.4,42305,13.8,43367,14.1,5997,1.9,1.58,5.13,6.56,5.22,2.48,1.54,264215,1408,8569,9757,3641,11799,4151,714,2174,1207
2611,276678,3834,1.4,1249,0.5,1262,0.5,12282,4.4,12825,4.6,21000,7.6,21853,7.9,8448,3.1,1.33,5.14,6.39,5.27,3.38,1.28,254794,959,4142,4006,1433,7785,1976,283,833,467
2612,253285,14014,5.5,2396,0.9,2430,1.0,16794,6.6,18088,7.1,30879,12.2,32170,12.7,2780,1.1,1.49,4.86,6.18,4.98,2.89,1.42,221092,1752,7451,7216,3638,7187,2421,478,952,1098
2613,347370,3026,0.9,2024,0.6,2084,0.6,15368,4.4,16914,4.9,31336,9.0,33246,9.6,12342,3.6,1.36,4.77,6.36,4.94,4.08,1.34,314117,2279,7714,7457,3242,8596,1421,315,1563,666
2614,313037,1741,0.6,365,0.1,371,0.1,18827,6.0,19966,6.4,37815,12.1,39453,12.6,17086,5.5,1.47,4.72,5.95,4.85,5.16,1.45,273539,2020,7322,10290,3520,13554,2243,201,255,93
2701,384441,10565,2.7,7631,2.0,7719,2.0,27762,7.2,27946,7.3,43533,11.3,43781,11.4,17197,4.5,1.68,6.04,7.24,5.98,4.23,1.61,332719,576,7219,9148,2196,13343,7182,1276,6115,4667
2702,269146,4374,1.6,3262,1.2,3262,1.2,18701,6.9,18977,7.1,28384,10.5,28603,10.6,14327,5.3,1.56,5.83,6.95,5.80,4.11,1.52,237941,378,5438,4014,1542,10214,4059,764,2688,2108
2703,243949,4533,1.9,1425,0.6,1445,0.6,13990,5.7,14173,5.8,22799,9.3,23014,9.4,9457,3.9,1.46,5.49,6.64,5.46,2.55,1.44,218876,408,4830,3741,1282,8980,2977,481,1340,1034
2704,217888,2507,1.2,727,0.3,736,0.3,10992,5.0,11182,5.1,19385,8.9,19499,8.9,8485,3.9,1.40,5.21,6.36,5.19,4.06,1.37,197324,219,4412,3477,1091,8188,1875,244,663,395
2705,193016,1251,0.6,757,0.4,761,0.4,11975,6.2,12196,6.3,20247,10.5,20466,10.6,10724,5.6,1.45,5.17,6.31,5.19,4.24,1.43,172194,262,4385,3552,1176,8858,1525,126,384,554
2706,307387,10981,3.6,3764,1.2,3840,1.2,18706,6.1,19094,6.2,28173,9.2,28507,9.3,7725,2.5,1.51,5.80,6.96,5.83,2.96,1.46,274478,529,5489,4669,2326,9491,4568,771,2606,2460
2707,562673,21886,3.9,6464,1.1,6533,1.2,33509,6.0,33802,6.0,51906,9.2,51948,9.2,11623,2.1,1.63,5.70,6.78,5.62,3.08,1.57,487241,1752,12867,11676,6109,18393,11517,2050,7757,3311
2708,767426,20734,2.7,10247,1.3,10518,1.4,32978,4.3,33541,4.4,44344,5.8,45007,5.9,12244,1.6,1.49,6.39,7.52,6.51,2.89,1.45,697359,1444,8080,7941,5003,15606,11036,2756,10959,7242
2801,457137,29055,6.4,16039,3.5,16936,3.7,41132,9.0,42467,9.3,50603,11.1,51995,11.4,12077,2.6,1.66,6.78,7.65,6.91,3.80,1.51,405106,1675,4171,4257,3050,10721,8653,1909,11530,6065
2802,463671,69614,15.0,16303,3.5,17279,3.7,53194,11.5,55602,12.0,77079,16.6,79932,17.2,-16420,-3.5,1.82,5.75,7.03,5.87,2.92,1.62,383862,5978,13212,12872,3141,17054,7541,1940,11593,6478
2803,486480,36856,7.6,21024,4.3,22011,4.5,46595,9.6,48514,10.0,56192,11.6,58073,11.9,9739,2.0,1.72,6.99,7.86,7.16,3.51,1.57,428355,2122,3793,4574,3036,11162,8623,2229,13549,9037
2804,475259,114204,24.0,36632,7.7,47819,10.1,135880,28.6,156067,32.8,161948,34.1,184975,38.9,21676,4.6,3.12,6.45,7.47,7.01,6.82,1.95,290249,15717,9896,8694,12913,68689,13326,3868,22405,29502
2901,288038,5235,1.8,497,0.2,600,0.2,17903,6.2,18804,6.5,25475,8.8,26315,9.1,12668,4.4,1.42,5.59,6.54,5.71,4.47,1.37,261570,987,3420,3350,1633,10707,3609,660,1706,396
2902,282036,5171,1.8,1342,0.5,1405,0.5,18361,6.5,19163,6.8,24983,8.9,25534,9.1,13190,4.7,1.46,5.98,6.87,6.07,5.43,1.39,256025,737,2734,2938,1323,9792,3985,701,2738,1063
2903,434706,25723,5.9,16353,3.8,16834,3.9,44420,10.2,45441,10.5,54736,12.6,55558,12.8,18697,4.3,1.81,6.92,7.76,7.02,5.60,1.58,374957,1018,4601,4716,2653,16680,7274,1723,10109,10975
2904,462241,18585,4.0,21553,4.7,21719,4.7,41736,9.0,42043,9.1,48037,10.4,48233,10.4,23151,5.0,1.75,7.48,8.17,7.59,5.54,1.59,408614,334,3145,3335,2072,11768,6175,1639,11053,14106
2905,341301,8285,2.4,1962,0.6,1971,0.6,19184,5.6,19230,5.6,25221,7.4,25268,7.4,10899,3.2,1.42,6.13,6.95,6.13,4.72,1.33,313592,375,3351,3565,1082,8941,4104,920,3926,1445
2906,446089,30679,6.9,9979,2.2,10092,2.3,29577,6.6,29687,6.7,38719,8.7,38866,8.7,-1102,-0.2,1.66,6.61,7.59,6.69,4.95,1.42,393394,543,4433,7104,1928,14358,7335,1425,8806,6763
2907,407860,13211,3.2,12297,3.0,12441,3.1,28328,6.9,28779,7.1,34168,8.4,34615,8.5,15117,3.7,1.54,7.14,7.96,7.23,6.07,1.39,371889,525,2886,2666,1716,7409,5074,1162,6619,7914
2908,504602,51039,10.1,25209,5.0,25869,5.1,52505,10.4,53816,10.7,64978,12.9,66412,13.2,1466,0.3,1.84,6.83,7.85,7.00,3.81,1.62,431574,3773,5266,9820,2499,12640,8164,2098,14044,14724
3000,860879,29841,3.5,25169,2.9,27946,3.2,105843,12.3,110950,12.9,153131,17.8,158917,18.5,76002,8.8,2.09,6.02,7.17,6.14,4.61,2.00,674592,7551,18618,29857,12432,53838,22187,3898,19995,17911
3101,323665,27875,8.6,7081,2.2,7149,2.2,31334,9.7,31656,9.8,47239,14.6,47611,14.7,3459,1.1,1.77,5.65,6.63,5.60,4.25,1.54,270005,937,8831,11750,3331,12887,5915,1161,5114,3734
3102,242349,8237,3.4,1129,0.5,1134,0.5,12744,5.3,12759,5.3,18946,7.8,18960,7.8,4507,1.9,1.36,5.47,6.43,5.46,3.27,1.29,222889,206,3502,2862,1157,7914,1951,299,946,623
3103,564302,38254,6.8,12453,2.2,12345,2.2,44063,7.8,43508,7.7,64288,11.4,63756,11.3,5809,1.0,1.72,5.97,7.14,5.96,3.56,1.59,482704,2123,13020,11600,5798,18478,11308,2079,9906,7286
3201,173387,171,0.1,0,0.0,0,0.0,0,0.0,0,0.0,9097,5.2,9263,5.3,-171,-0.1,1.13,3.48,,3.52,2.46,1.13,163979,453,4735,3853,24,343,0,0,0,0
3202,357965,13752,3.8,248,0.1,305,0.1,26370,7.4,28270,7.9,48854,13.6,51295,14.3,12618,3.5,1.58,4.79,6.08,4.92,3.29,1.51,303652,3196,12083,12059,4618,14922,4918,516,1784,217
3203,335296,997,0.3,115,0.0,123,0.0,3165,0.9,3567,1.1,26713,8.0,28334,8.5,2168,0.6,1.24,3.84,6.33,3.95,2.20,1.24,306823,1790,11246,10752,697,3193,474,62,173,86
3204,342715,26381,7.7,592,0.2,623,0.2,12838,3.7,13167,3.8,38737,11.3,39761,11.6,-13543,-4.0,1.39,4.31,6.10,4.36,2.05,1.34,302110,1822,13665,12091,2349,7380,1979,282,686,351
3301,281368,14672,5.2,12319,4.4,13909,4.9,31035,11.0,32808,11.7,39530,14.0,41825,14.9,16363,5.8,1.85,6.69,7.77,6.95,5.33,1.65,239524,2083,2977,4322,2386,9667,5107,1075,7075,7152
3302,304046,14334,4.7,17675,5.8,18498,6.1,37384,12.3,38639,12.7,47569,15.6,48888,16.1,23050,7.6,1.96,6.96,7.96,7.10,5.50,1.78,255093,1490,3351,5328,2073,10584,5994,1184,8442,10507
3401,287333,11575,4.0,1396,0.5,2317,0.8,13597,4.7,17743,6.2,25457,8.9,30473,10.6,2022,0.7,1.42,4.98,6.71,5.47,5.58,1.25,256855,3042,5679,5251,3470,7544,2267,454,2031,740
3402,513774,175344,34.1,73364,14.3,102604,20.0,144783,28.2,173760,33.8,176037,34.3,206554,40.2,-30561,-5.9,3.35,6.84,8.17,7.51,6.98,1.47,307186,12905,16230,15869,18288,35408,17762,3986,46764,39376
3403,492692,74030,15.0,52808,10.7,59738,12.1,88166,17.9,107417,21.8,103734,21.1,123398,25.0,14136,2.9,2.54,7.15,8.41,7.76,7.81,1.61,369287,4181,8414,10614,14206,19056,7599,1287,22729,35319
3404,313809,15754,5.0,6581,2.1,8559,2.7,21474,6.8,26081,8.3,29646,9.4,39142,12.5,5720,1.8,1.60,5.77,7.51,6.55,6.54,1.33,274661,1692,7755,4982,3652,8244,3531,570,4926,3796
3405,285830,10248,3.6,5925,2.1,6248,2.2,22092,7.7,23152,8.1,30484,10.7,31384,11.0,11844,4.1,1.57,6.21,7.34,6.34,5.44,1.43,254423,1068,3726,3825,1913,8478,4213,835,3586,3763
3406,244275,21175,8.7,4544,1.9,6467,2.6,19030,7.8,22431,9.2,25270,10.3,34650,14.2,-2145,-0.9,1.61,5.33,6.81,6.19,5.62,1.23,209616,1774,7519,7377,2592,6627,2328,241,3713,2488
3407,275064,10664,3.9,6112,2.2,6416,2.3,21191,7.7,22086,8.0,27163,9.9,28018,10.2,10527,3.8,1.56,6.52,7.47,6.66,5.89,1.39,247039,940,2419,2742,1720,7558,4322,823,3260,4241
3408,146988,24008,16.3,462,0.3,905,0.6,10981,7.5,17269,11.7,20879,14.2,41820,28.5,-13027,-8.9,1.91,4.21,6.16,5.33,3.81,1.54,105165,2703,16902,6971,3980,8712,1677,62,561,255
3409,184323,12760,6.9,2020,1.1,2238,1.2,14452,7.8,16772,9.1,24722,13.4,27020,14.7,1692,0.9,1.62,5.25,6.68,5.50,4.33,1.42,157296,1332,5091,4609,2460,8354,2338,278,1052,1513
3410,163119,6470,4.0,103,0.1,134,0.1,11297,6.9,12402,7.6,17536,10.8,20049,12.3,4827,3.0,1.48,4.91,6.05,5.23,3.52,1.40,143067,1067,3999,3415,1686,7865,1515,116,323,66
3411,263693,16949,6.4,3543,1.3,3939,1.5,22819,8.7,23877,9.1,31185,11.8,32235,12.2,5870,2.2,1.62,6.06,7.10,6.20,4.86,1.40,231424,1229,3533,3756,1919,9340,5728,985,3887,1892
3412,285006,14574,5.1,3233,1.1,3588,1.3,17970,6.3,19382,6.8,27698,9.7,29429,10.3,3396,1.2,1.48,5.64,6.94,5.85,4.98,1.29,255572,1615,4005,4642,2032,8965,3504,521,2096,2054
3501,305613,10419,3.4,1717,0.6,1685,0.6,9934,3.3,9860,3.2,33064,10.8,34301,11.2,-485,-0.2,1.38,4.35,6.60,4.46,2.22,1.35,270997,2673,11736,9982,1141,4693,1812,398,1349,832
3502,714516,70829,9.9,11606,1.6,11839,1.7,83837,11.7,84575,11.8,138240,19.3,139088,19.5,13008,1.8,1.81,5.08,6.30,5.12,3.20,1.66,573074,6842,31850,29062,15370,26513,15932,2835,6956,6082
3503,478751,16973,3.5,7850,1.6,8024,1.7,31584,6.6,31850,6.7,43447,9.1,43771,9.1,14611,3.1,1.51,6.20,7.27,6.23,4.00,1.42,431701,992,6745,5464,2952,11243,7496,1499,5646,5013
3601,329954,21235,6.4,9786,3.0,13019,3.9,35984,10.9,43376,13.1,50047,15.2,58131,17.6,14749,4.5,1.87,5.94,7.27,6.37,6.67,1.54,271789,2677,6936,8054,5565,16281,5053,1272,7054,5273
3602,222522,18783,8.4,12440,5.6,16084,7.2,30621,13.8,37820,17.0,44342,19.9,54953,24.7,11838,5.3,2.18,5.80,7.60,6.44,8.23,1.63,167546,6114,5968,7902,6301,10469,3657,514,7642,6409
3603,224486,3888,1.7,1972,0.9,2634,1.2,19679,8.8,21451,9.6,29681,13.2,32544,14.5,15791,7.0,1.65,5.51,6.68,5.77,6.82,1.56,191927,1121,4422,5543,2412,12089,3039,441,2437,1055
3604,210391,35909,17.1,4555,2.2,9242,4.4,26368,12.5,54503,25.9,43426,20.6,70462,33.5,-9541,-4.5,2.51,5.52,6.96,5.92,6.47,1.70,139918,1730,8376,11379,17847,17165,2553,132,9308,1983
3605,138041,8654,6.3,6068,4.4,7446,5.4,18908,13.7,23417,17.0,29999,21.7,36754,26.6,10254,7.4,2.24,5.66,7.34,6.19,7.62,1.88,101285,955,6840,5693,3089,11991,1114,60,2890,4124
3606,98918,209,0.2,29,0.0,46,0.0,8724,8.8,9487,9.6,14268,14.4,15082,15.2,8515,8.6,1.62,5.09,6.05,5.25,4.74,1.62,83830,553,1859,2887,949,8217,527,32,43,21
3607,64876,866,1.3,123,0.2,293,0.5,3844,5.9,4332,6.7,6355,9.8,7707,11.9,2978,4.6,1.47,4.93,6.22,5.33,6.01,1.40,57169,289,1694,1311,517,3332,331,4,153,76
3608,92602,4978,5.4,6995,7.6,8489,9.2,16129,17.4,18777,20.3,21801,23.5,33765,36.5,11151,12.0,2.69,5.63,7.86,6.92,7.38,2.42,58837,626,10328,3923,1609,8268,989,37,2508,5477
3609,73490,971,1.3,1078,1.5,1241,1.7,5782,7.9,6289,8.6,9959,13.6,13927,19.0,4811,6.5,1.73,4.83,6.79,5.52,8.06,1.64,59563,320,4783,2448,605,4099,489,8,381,794
3610,46026,738,1.6,139,0.3,262,0.6,2176,4.7,2670,5.8,4371,9.5,6961,15.1,1438,3.1,1.51,4.38,6.43,5.21,5.78,1.44,39065,443,2514,1283,449,1767,280,4,123,98
3611,157435,8156,5.2,489,0.3,916,0.6,12294,7.8,14651,9.3,21004,13.3,30544,19.4,4138,2.6,1.70,4.59,6.19,5.33,5.02,1.52,126885,1697,9212,5474,2690,8819,1574,91,704,289
3612,34991,1099,3.1,310,0.9,412,1.2,1629,4.7,2219,6.3,3041,8.7,6863,19.6,530,1.5,1.63,4.22,6.88,5.76,5.33,1.51,28128,587,3131,775,467,1374,136,10,130,253
3613,17871,708,4.0,121,0.7,177,1.0,1815,10.2,2251,12.6,2674,15.0,3387,19.0,1107,6.2,1.83,5.37,6.88,6.08,5.05,1.70,14484,274,630,222,357,1273,178,24,280,149
3614,74051,2783,3.8,1130,1.5,1337,1.8,8130,11.0,9296,12.6,11611,15.7,13596,18.4,5347,7.2,1.83,5.54,6.63,5.95,5.98,1.67,60455,282,2011,1774,962,6581,662,72,419,833
3615,31685,677,2.1,409,1.3,526,1.7,3944,12.4,4242,13.4,5411,17.1,6288,19.8,3267,10.3,1.89,5.49,6.49,5.89,6.85,1.78,25396,163,831,925,265,3349,239,29,195,293
3616,124933,3944,3.2,1621,1.3,1816,1.5,11875,9.5,12645,10.1,16145,12.9,17253,13.8,7931,6.3,1.69,6.03,7.05,6.25,6.05,1.55,107674,424,1831,2268,1122,5984,2141,420,1892,1177
3617,187763,5200,2.8,3117,1.7,3431,1.8,16838,9.0,17618,9.4,21919,11.7,23143,12.3,11638,6.2,1.65,6.30,7.28,6.51,5.55,1.54,164602,768,2088,2735,1282,6386,3915,837,3246,1904
3618,255536,9540,3.7,8120,3.2,9071,3.5,24941,9.8,25829,10.1,32561,12.7,33597,13.1,15401,6.0,1.74,6.60,7.62,6.76,5.64,1.59,221901,1152,2555,3880,1635,8552,4765,964,5209,4923
3619,422731,19435,4.6,32771,7.8,34031,8.1,60003,14.2,61438,14.5,73180,17.3,74822,17.7,40568,9.6,2.11,7.29,8.18,7.41,6.42,1.91,347802,1827,4653,6685,3048,14093,8820,1736,14418,19649
3620,270340,7795,2.9,7060,2.6,7535,2.8,29484,10.9,30791,11.4,40619,15.0,42200,15.6,21689,8.0,1.80,6.12,7.19,6.28,6.90,1.65,228117,1640,3958,5512,2556,13818,5395,834,4008,4502
3621,430839,16355,3.8,23349,5.4,24882,5.8,54371,12.6,55820,13.0,69659,16.2,71460,16.6,38016,8.8,1.97,6.81,7.82,6.94,4.80,1.85,359299,2128,5872,7690,3467,16254,8852,1765,11384,14128
3622,334364,16703,5.0,19769,5.9,20816,6.2,51282,15.3,52908,15.8,71047,21.2,72912,21.8,34579,10.3,2.16,6.30,7.44,6.42,5.54,1.98,261398,2109,7928,12403,3175,17741,7912,1293,9707,10698
3623,382862,16601,4.3,29333,7.7,30324,7.9,72081,18.8,73259,19.1,95170,24.9,96534,25.2,55480,14.5,2.39,6.50,7.46,6.57,5.74,2.24,286259,2422,8300,17057,3336,22277,11582,1768,14123,15738
3624,288329,12346,4.3,5506,1.9,5878,2.0,27502,9.5,28480,9.9,39013,13.5,40271,14.0,15156,5.3,1.69,5.93,7.03,6.06,4.57,1.56,248035,1440,4619,5802,2162,12847,5782,872,4126,2644
3625,252197,4723,1.9,2318,0.9,2521,1.0,18407,7.3,18987,7.5,29147,11.6,29867,11.8,13684,5.4,1.54,5.54,6.78,5.63,5.17,1.47,222321,855,4305,5823,1824,9376,3731,632,2224,1106
3626,268704,4523,1.7,2666,1.0,3421,1.3,38700,14.4,40724,15.2,72079,26.8,74186,27.6,34177,12.7,2.07,4.89,6.07,4.97,4.27,2.04,194516,3205,12121,19258,5761,26845,4568,1046,1319,65
3627,324023,12318,3.8,9410,2.9,9744,3.0,34306,10.6,35363,10.9,48616,15.0,49626,15.3,21988,6.8,1.77,6.00,7.08,6.08,4.45,1.66,274374,1416,5250,8379,4248,12464,7108,1120,5700,3964
3701,396298,15810,4.0,6477,1.6,8218,2.1,28623,7.2,32170,8.1,39041,9.9,42027,10.6,12813,3.2,1.54,6.12,7.19,6.33,4.51,1.42,354255,1936,4439,5047,3569,9927,6259,1769,6255,2842
3702,410208,7388,1.8,4291,1.0,4625,1.1,18757,4.6,19691,4.8,23516,5.7,24485,6.0,11369,2.8,1.33,6.49,7.40,6.68,3.86,1.28,385702,1027,1860,2142,1677,5756,4453,1278,4495,1818
3703,501755,127190,25.3,51561,10.3,77681,15.5,149225,29.7,191089,38.1,204890,40.8,226925,45.2,22035,4.4,3.50,6.52,7.70,6.90,7.03,2.30,274759,9896,15870,17824,30274,64282,13217,4821,35312,35500
3704,271672,3525,1.3,1666,0.6,1783,0.7,13499,5.0,14662,5.4,16859,6.2,17593,6.5,9974,3.7,1.36,6.53,7.36,6.73,4.66,1.31,254062,764,1034,1269,1141,4673,3501,999,3316,913
3705,460639,8056,1.7,24172,5.2,25254,5.5,43594,9.5,44803,9.7,48406,10.5,49624,10.8,35538,7.7,1.76,8.07,8.69,8.23,7.78,1.66,410948,1339,1703,1803,1317,7013,4858,1502,10148,20008
3706,393087,5018,1.3,7304,1.9,7697,2.0,19531,5.0,20413,5.2,22347,5.7,23104,5.9,14513,3.7,1.37,7.33,8.01,7.52,5.71,1.32,369959,801,822,1260,1140,4117,3826,1360,5579,4223
3707,528272,59025,11.2,23423,4.4,33442,6.3,93268,17.7,101822,19.3,120611,22.8,131308,24.9,34243,6.5,2.29,6.19,7.28,6.53,6.48,1.76,396956,7366,13246,14547,11364,32797,14882,4281,19679,13154
3708,394854,6726,1.7,6020,1.5,6570,1.7,23767,6.0,25291,6.4,30001,7.6,31296,7.9,17041,4.3,1.44,6.57,7.49,6.76,4.74,1.38,363546,1357,2169,2682,2011,7868,5087,1452,5662,3020
3709,387036,12039,3.1,5070,1.3,5481,1.4,30315,7.8,32385,8.4,40444,10.4,42360,10.9,18276,4.7,1.55,6.04,7.05,6.24,3.81,1.48,344652,2048,3967,4707,3632,11132,7766,1896,5470,1766
3710,427060,6664,1.6,11192,2.6,12104,2.8,30106,7.0,31453,7.4,35433,8.3,36770,8.6,23442,5.5,1.55,7.35,8.17,7.56,6.85,1.46,390250,1440,1645,2217,1483,6936,4944,1495,8203,8447
3711,554227,16363,3.0,55249,10.0,57568,10.4,89173,16.1,91393,16.5,98593,17.8,100665,18.2,72810,13.1,2.32,8.25,8.85,8.40,8.23,2.14,453364,2329,3252,3550,2365,12587,8645,2567,20096,45472
3712,277109,3425,1.2,47,0.0,76,0.0,14710,5.3,15864,5.7,18267,6.6,19250,6.9,11285,4.1,1.37,6.32,7.14,6.55,5.24,1.32,257842,1043,1120,1367,1379,5322,4137,1281,3431,187
3713,367823,5668,1.5,4320,1.2,4726,1.3,18586,5.1,19600,5.3,22668,6.2,23705,6.4,12918,3.5,1.37,6.77,7.65,6.99,5.72,1.30,344104,1158,1298,1851,1261,5405,3935,1230,4970,2611
3800,622576,30277,4.9,8701,1.4,8987,1.4,34641,5.6,35526,5.7,56262,9.0,57251,9.2,4364,0.7,1.67,5.75,7.02,5.73,3.04,1.60,534550,2188,14541,15288,6609,19963,11986,2320,9533,5598
3901,358386,9881,2.8,4258,1.2,4456,1.2,24892,6.9,26948,7.5,33447,9.3,35240,9.8,15011,4.2,1.50,6.04,7.04,6.26,6.12,1.37,322807,2268,2666,4201,2011,12596,4266,790,3997,2784
3902,422898,19858,4.7,18260,4.3,19015,4.5,45920,10.9,47809,11.3,56325,13.3,57811,13.7,26062,6.2,1.83,6.97,7.83,7.11,6.65,1.59,364125,1791,3690,5754,2594,13980,7430,1283,9780,12471
3903,251173,5323,2.1,681,0.3,689,0.3,8911,3.5,10287,4.1,16559,6.6,17785,7.1,3588,1.4,1.28,4.91,6.34,5.12,3.38,1.23,233270,1482,3217,3617,1600,5329,1697,109,436,416
3904,422048,14349,3.4,8152,1.9,8559,2.0,31067,7.4,32686,7.7,45720,10.8,47656,11.3,16718,4.0,1.57,5.84,7.09,5.98,4.87,1.46,372083,2457,6909,7184,3923,12251,6581,1388,5791,3481
3905,413867,18011,4.4,7980,1.9,8168,2.0,36308,8.8,37973,9.2,61884,15.0,63723,15.4,18297,4.4,1.71,5.40,6.82,5.48,4.82,1.56,347565,2777,12275,12896,5585,15911,6895,1148,4740,4075
3906,602027,50330,8.4,50905,8.5,53033,8.8,119857,19.9,122056,20.3,144763,24.0,146700,24.4,69527,11.5,2.54,7.21,7.98,7.29,7.30,2.11,452375,2672,9416,11165,7575,37590,15619,3342,21624,40649
3907,439522,14432,3.3,12033,2.7,12749,2.9,37333,8.5,39148,8.9,48825,11.1,50375,11.5,22901,5.2,1.66,6.50,7.52,6.64,5.08,1.54,387065,1799,4805,5657,3163,12911,7431,1620,8405,6666
3908,345674,9993,2.9,5182,1.5,5445,1.6,22267,6.4,24309,7.0,32987,9.5,34699,10.0,12274,3.6,1.49,5.78,7.01,5.97,5.32,1.38,310218,2129,4106,5315,2973,9832,4188,784,3471,2658
3909,349592,20658,5.9,1205,0.3,1293,0.4,15522,4.4,17292,4.9,30988,8.9,32684,9.3,-5136,-1.5,1.38,5.04,6.43,5.20,3.01,1.28,316335,2011,5854,6592,2717,11400,2451,325,1133,774
3910,363041,8841,2.4,3492,1.0,3667,1.0,21565,5.9,24023,6.6,33332,9.2,35764,9.9,12724,3.5,1.44,5.42,6.71,5.66,4.99,1.35,326990,3126,4672,6263,2905,9893,3944,697,2582,1969
3911,314414,1477,0.5,686,0.2,710,0.2,11765,3.7,13430,4.3,19923,6.3,21409,6.8,10288,3.3,1.28,5.13,6.40,5.36,4.54,1.27,292872,1529,3136,3569,2197,7997,1694,239,728,453
3912,365417,8399,2.3,7681,2.1,8013,2.2,24084,6.6,25321,6.9,31944,8.7,33117,9.1,15685,4.3,1.51,6.44,7.53,6.61,5.40,1.42,331291,1354,3246,3661,2045,9062,4364,904,4665,4825
3913,413866,5577,1.3,3462,0.8,3529,0.9,16824,4.1,17912,4.3,24723,6.0,25890,6.3,11247,2.7,1.32,5.85,7.09,6.03,5.77,1.26,386818,1334,3469,3595,1890,8095,3362,621,2517,2165
3914,372855,6917,1.9,4019,1.1,4233,1.1,18592,5.0,19681,5.3,25702,6.9,26815,7.2,11675,3.1,1.40,6.13,7.19,6.25,5.28,1.33,343762,1301,2903,3536,2118,8082,3968,828,4044,2313
3915,384479,20382,5.3,18657,4.9,19321,5.0,42981,11.2,44360,11.5,53300,13.9,54732,14.2,22599,5.9,1.88,7.03,7.97,7.17,6.30,1.63,328365,1632,4129,4953,2646,11684,7577,1695,8967,12831
3916,326009,5457,1.7,2099,0.6,2227,0.7,13833,4.2,14792,4.5,19370,5.9,20453,6.3,8376,2.6,1.32,5.92,7.02,6.11,4.43,1.27,304585,1151,2241,2553,1565,6428,3343,652,2428,1063
4001,349812,14247,4.1,4652,1.3,4784,1.4,29234,8.4,29546,8.4,43096,12.3,43448,12.4,14987,4.3,1.59,5.58,6.62,5.59,4.17,1.48,304745,687,8347,8651,2290,12033,5938,921,3991,2209
4002,553405,35240,6.4,20127,3.6,20183,3.6,42070,7.6,42190,7.6,50899,9.2,50958,9.2,6830,1.2,1.64,7.15,7.97,7.23,4.14,1.47,496162,538,4328,4646,3053,12009,7599,1722,11179,12169
4003,563683,27934,5.0,12920,2.3,12822,2.3,39192,7.0,38872,6.9,52432,9.3,52047,9.2,11258,2.0,1.59,6.34,7.32,6.33,4.05,1.47,500957,984,8071,7103,4442,14271,10168,1742,9020,6925
4004,410470,20454,5.0,5341,1.3,5264,1.3,22158,5.4,21646,5.3,31987,7.8,31365,7.6,1704,0.4,1.46,6.10,7.12,6.03,3.89,1.33,373794,773,4551,5029,2041,10252,5676,933,4532,2889
4005,339407,9520,2.8,2403,0.7,2379,0.7,17661,5.2,17063,5.0,24681,7.3,24234,7.1,8141,2.4,1.37,5.83,6.74,5.78,4.04,1.30,313128,540,3687,3280,2040,8519,3956,682,2323,1252
4101,334402,14578,4.4,8340,2.5,8811,2.6,35029,10.5,37622,11.3,49008,14.7,51515,15.4,20451,6.1,1.76,5.90,6.94,6.10,5.56,1.58,282856,2619,4358,8429,4833,16732,4311,693,3941,5630
4102,510334,20723,4.1,19178,3.8,20652,4.0,87168,17.1,91047,17.8,123108,24.1,125986,24.7,66445,13.0,2.23,5.98,6.96,6.07,4.73,2.12,384428,3383,11512,21686,7887,42153,15176,1926,11037,11146
4103,301589,5684,1.9,6057,2.0,6419,2.1,29620,9.8,31737,10.5,47247,15.7,49114,16.3,23936,7.9,1.76,5.67,6.92,5.82,6.91,1.66,252420,2023,4562,10729,2932,17986,3196,461,3103,4177
4104,424393,36285,8.5,27780,6.5,28682,6.8,78436,18.5,82179,19.4,123386,29.1,127607,30.1,42151,9.9,2.48,5.93,7.37,6.06,5.24,2.23,296739,5202,17709,22535,7309,34223,10206,1567,11243,17660
4105,356825,20648,5.8,13683,3.8,14828,4.2,48208,13.5,52635,14.8,67312,18.9,70961,19.9,27560,7.7,2.03,6.17,7.25,6.35,5.92,1.79,285845,2390,6354,9430,6860,22088,6803,1004,6689,9362
4201,264253,8123,3.1,3832,1.5,4033,1.5,14051,5.3,15096,5.7,20653,7.8,22103,8.4,5928,2.2,1.41,5.93,7.36,6.20,6.21,1.26,242142,1603,2749,3110,1514,5566,2291,455,1723,3100
4202,244525,715,0.3,96,0.0,107,0.0,14043,5.7,15976,6.5,23852,9.8,26456,10.8,13328,5.5,1.41,4.76,5.97,5.06,5.93,1.39,218062,2817,4365,4281,2422,10517,1815,61,123,62
4203,255691,453,0.2,361,0.1,418,0.2,14783,5.8,16489,6.4,22036,8.6,23949,9.4,14330,5.6,1.39,5.14,6.19,5.42,7.22,1.38,231708,2043,2869,3416,2177,10474,2052,144,443,365
4204,262284,5723,2.2,2551,1.0,2706,1.0,12601,4.8,13330,5.1,15428,5.9,16166,6.2,6878,2.6,1.34,6.59,7.45,6.82,6.24,1.24,246110,763,967,1253,991,4253,2921,739,2501,1786
4205,246221,5694,2.3,799,0.3,1001,0.4,12756,5.2,14743,6.0,18993,7.7,22796,9.3,7062,2.9,1.38,5.13,6.57,5.70,4.63,1.31,223396,3063,3187,2781,2141,6884,2369,410,1461,529
4206,257193,4995,1.9,4485,1.7,4731,1.8,14043,5.5,14725,5.7,16805,6.5,17455,6.8,9048,3.5,1.40,6.92,7.74,7.12,6.20,1.31,239704,704,940,1210,950,4176,2744,692,3273,2800
4207,269959,6098,2.3,6189,2.3,6501,2.4,18136,6.7,18896,7.0,23396,8.7,24223,9.0,12038,4.5,1.51,6.67,7.72,6.84,7.49,1.37,245717,869,2283,2374,1238,5639,3366,726,3153,4594
4208,416124,13150,3.2,9458,2.3,10184,2.4,39269,9.4,41025,9.9,63799,15.3,65143,15.7,26119,6.3,1.76,5.86,7.13,5.94,5.49,1.64,350932,1410,4523,20929,2035,15218,6688,1480,7198,5711
4209,361478,16553,4.6,17506,4.8,18726,5.2,43246,12.0,44614,12.3,52533,14.5,53803,14.9,26693,7.4,1.91,7.10,7.94,7.22,6.70,1.68,307627,1353,3605,4437,2317,11459,7590,1756,9986,11348
4210,276868,9235,3.3,10238,3.7,11293,4.1,29388,10.6,30412,11.0,36474,13.2,37691,13.6,20153,7.3,1.80,6.87,7.78,7.04,7.72,1.60,239160,1228,2866,2991,1838,10876,4073,702,3739,9395
4211,262690,4228,1.6,5613,2.1,5844,2.2,15823,6.0,16631,6.3,19509,7.4,20232,7.7,11595,4.4,1.46,7.02,7.96,7.20,7.23,1.37,242444,753,1459,1375,1112,4500,2567,691,3284,4505
4212,366041,33358,9.1,34531,9.4,36043,9.8,70955,19.4,72944,19.9,89194,24.4,91463,25.0,37597,10.3,2.51,7.02,8.02,7.15,7.15,2.04,274500,2806,8174,9477,3318,17873,10340,1939,13373,24241
4213,373965,21315,5.7,24404,6.5,25522,6.8,54626,14.6,56220,15.0,65514,17.5,66768,17.9,33311,8.9,2.11,7.22,8.00,7.32,6.94,1.82,307131,1407,3911,6337,2531,12838,9413,2006,13070,15321
4214,377907,14317,3.8,23352,6.2,24239,6.4,46616,12.3,47494,12.6,52636,13.9,53487,14.2,32299,8.5,1.97,7.88,8.50,7.98,8.62,1.71,324343,950,2513,2327,1484,8895,6029,1655,10204,19507
4215,440448,24224,5.5,33814,7.7,35518,8.1,64575,14.7,65831,14.9,74297,16.9,75284,17.1,40351,9.2,2.14,7.66,8.32,7.74,7.45,1.83,365078,1138,3899,4924,2265,13062,9393,2153,14350,24186
4216,347971,12574,3.6,7375,2.1,7750,2.2,24384,7.0,25183,7.2,31371,9.0,32154,9.2,11810,3.4,1.52,6.59,7.54,6.71,5.47,1.37,315782,892,2824,3278,1653,8270,4849,996,5342,4085
4217,340081,8771,2.6,11659,3.4,11992,3.5,38605,11.4,39684,11.7,46604,13.7,47585,14.0,29834,8.8,1.85,7.06,7.83,7.17,8.15,1.68,292443,1076,3076,3310,2303,13214,5221,1408,7365,10665
4218,335355,4718,1.4,6804,2.0,7411,2.2,37947,11.3,39331,11.7,46415,13.8,47579,14.2,33229,9.9,1.82,6.81,7.57,6.93,8.59,1.73,287728,1241,3311,2829,2176,15965,5432,1400,8191,7082
4401,171086,8689,5.1,2637,1.5,3273,1.9,11719,6.8,13463,7.9,18170,10.6,21206,12.4,3030,1.8,1.56,5.49,6.96,5.93,5.32,1.36,149860,1259,3786,3312,1811,5599,1875,283,1685,1616
4402,211371,15231,7.2,5894,2.8,7158,3.4,19207,9.1,21559,10.2,28178,13.3,33139,15.7,3976,1.9,1.76,5.83,7.36,6.34,6.10,1.42,178203,1397,5846,4526,2424,8241,3095,532,3665,3442
4501,350440,115752,33.0,26486,7.6,43750,12.5,103144,29.4,127351,36.3,140950,40.2,180523,51.5,-12608,-3.6,3.48,5.81,7.42,6.66,6.46,2.00,169903,13906,27372,17524,15451,57676,4756,3531,19944,20377
4502,341218,7426,2.2,3596,1.1,3893,1.1,18880,5.5,20311,6.0,25016,7.3,26608,7.8,11454,3.4,1.40,6.12,7.20,6.39,4.31,1.33,314598,1683,2250,2725,1930,7193,4580,1034,3392,1833
4503,404026,3883,1.0,7188,1.8,7769,1.9,21213,5.3,22319,5.5,26072,6.5,27304,6.8,17330,4.3,1.40,6.92,7.88,7.15,5.52,1.36,376699,1325,1696,2164,1314,5375,4251,1218,5546,4438
4504,324329,3898,1.2,4138,1.3,4485,1.4,20986,6.5,22151,6.8,25374,7.8,26303,8.1,17088,5.3,1.47,6.84,7.65,7.03,6.17,1.42,297992,1015,1505,1804,1513,5381,5251,1503,5829,2536
4505,377073,7549,2.0,4716,1.3,5346,1.4,19972,5.3,21260,5.6,25755,6.8,26990,7.2,12423,3.3,1.39,6.45,7.44,6.66,4.38,1.33,350066,1304,2077,2417,1937,7156,3978,1035,4210,2893
4506,375875,28441,7.6,7048,1.9,10731,2.9,42554,11.3,50574,13.5,60564,16.1,69002,18.4,14113,3.8,1.85,5.61,6.84,6.05,4.93,1.59,306862,5233,8127,8020,7594,20855,7768,1904,7361,2151
4507,389678,29973,7.7,10641,2.7,14998,3.8,62378,16.0,72118,18.5,88414,22.7,98464,25.3,32405,8.3,2.16,5.59,6.86,5.97,5.86,1.85,291196,8956,12282,11341,10054,29038,10467,1190,8457,6697
4600,637767,24944,3.9,13667,2.1,13920,2.2,43920,6.9,44222,6.9,58965,9.2,59289,9.3,18976,3.0,1.72,6.38,7.48,6.47,3.84,1.64,552307,1060,10745,10301,5324,19689,13397,2673,12636,9635
4701,403091,12088,3.0,28177,7.0,29847,7.4,61787,15.3,63643,15.8,72000,17.9,73616,18.3,49699,12.3,2.20,7.56,8.31,7.70,6.85,2.06,329320,1880,3616,4548,2434,13283,9084,2253,15219,21454
4702,356919,7414,2.1,13523,3.8,14141,4.0,43266,12.1,44453,12.5,55280,15.5,56217,15.8,35852,10.0,1.93,6.87,7.82,6.96,6.45,1.83,300631,1129,5081,4756,2641,13773,7241,1922,8964,10781
4703,379438,12511,3.3,20822,5.5,22043,5.8,71637,18.9,72990,19.2,87964,23.2,89117,23.5,59126,15.6,2.41,6.97,7.75,7.04,6.19,2.26,289793,1445,5899,7849,3893,23235,12019,2880,17358,15067
4704,373975,12880,3.4,16891,4.5,17537,4.7,43419,11.6,44676,11.9,54066,14.5,55370,14.8,30539,8.2,1.87,6.84,7.75,6.96,5.16,1.75,318346,1481,4671,4834,3217,11216,9096,1960,9931,9223
4705,300087,8609,2.9,5603,1.9,5776,1.9,29981,10.0,30981,10.3,39155,13.0,39927,13.3,21372,7.1,1.71,6.30,7.18,6.39,6.28,1.57,260105,926,3802,4084,2103,13358,5999,1288,4824,3598
4706,425183,7812,1.8,17873,4.2,18570,4.4,43144,10.1,44226,10.4,51112,12.0,52101,12.3,35332,8.3,1.76,7.18,7.93,7.29,6.22,1.68,372997,1149,3242,3470,2504,11883,6871,1855,9896,11316
4707,418590,18956,4.5,24194,5.8,24898,5.9,49312,11.8,50461,12.1,57612,13.8,58714,14.0,30356,7.3,1.90,7.43,8.16,7.53,6.15,1.70,359770,1237,3542,3521,2510,10878,7976,1898,11707,15551
4708,364809,17239,4.7,6584,1.8,6826,1.9,21275,5.8,21888,6.0,27360,7.5,28015,7.7,4036,1.1,1.47,6.42,7.33,6.51,3.58,1.36,333369,967,3044,3261,2185,7569,4987,1165,5603,2659
4709,257999,3856,1.5,738,0.3,798,0.3,15394,6.0,18214,7.1,33010,12.8,36540,14.2,11538,4.5,1.54,4.70,6.25,4.97,4.06,1.50,220474,4121,7125,7449,4300,10078,2487,546,942,477
4801,443063,14715,3.3,8945,2.0,9127,2.1,24520,5.5,25144,5.7,31060,7.0,31613,7.1,9805,2.2,1.40,6.65,7.49,6.71,3.68,1.32,411556,635,2391,3459,1763,7776,5051,1052,5944,3436
4802,270302,18353,6.8,1034,0.4,1117,0.4,19675,7.3,21855,8.1,44988,16.6,48042,17.8,1322,0.5,1.64,4.61,6.22,4.79,4.07,1.46,222256,3500,10390,12517,4779,12388,2589,371,944,568
4803,286448,3535,1.2,681,0.2,687,0.2,7082,2.5,7203,2.5,11308,3.9,11401,4.0,3547,1.2,1.18,5.45,6.49,5.44,3.26,1.15,275073,133,1693,2247,774,4119,1371,162,614,262
4804,510395,20467,4.0,10353,2.0,10442,2.0,26465,5.2,26788,5.2,35061,6.9,35323,6.9,5998,1.2,1.38,6.52,7.40,6.49,3.73,1.27,475462,393,3530,4488,2194,7978,5134,921,6527,3768
4805,383731,14414,3.8,6248,1.6,6417,1.7,19972,5.2,20329,5.3,27180,7.1,27576,7.2,5558,1.4,1.38,6.27,7.26,6.31,3.87,1.28,356231,528,2980,3665,1745,7299,3974,676,4357,2276
4806,293011,8677,3.0,2331,0.8,2395,0.8,12203,4.2,12484,4.3,17565,6.0,17882,6.1,3526,1.2,1.29,5.83,6.85,5.89,3.84,1.21,275161,371,2199,2821,1157,5790,2643,360,1629,880
4807,213214,22693,10.6,1596,0.7,1734,0.8,21494,10.1,23318,10.9,57810,27.1,60594,28.4,-1199,-0.6,1.97,4.41,6.01,4.52,4.59,1.66,152597,4077,15256,17680,5956,13489,2751,343,886,179
4808,465419,34255,7.4,9248,2.0,9937,2.1,34526,7.4,36528,7.8,53158,11.4,55626,12.0,271,0.1,1.56,5.73,7.06,5.90,3.80,1.38,409777,2840,6897,9902,4559,14449,6249,1052,6007,3687
4809,210257,26484,12.6,2908,1.4,3076,1.5,43020,20.5,44981,21.4,77957,37.1,80411,38.2,16536,7.9,2.47,4.86,6.09,4.95,4.28,2.21,129820,4164,15674,18049,7860,25252,6437,322,2248,431
4810,381526,20814,5.5,4938,1.3,5246,1.4,24363,6.4,26028,6.8,47947,12.6,50531,13.2,3549,0.9,1.53,5.01,6.78,5.18,3.94,1.39,331000,3543,11229,10614,4524,10655,3816,592,3391,2162
4811,500955,34501,6.9,10863,2.2,11204,2.2,53190,10.6,54381,10.9,76107,15.2,77413,15.5,18689,3.7,1.74,5.82,6.85,5.88,4.64,1.53,423576,1954,9940,12473,5915,24627,9101,986,6346,6037
4812,307400,13692,4.5,3957,1.3,4109,1.3,17705,5.8,18329,6.0,27566,9.0,28113,9.1,4013,1.3,1.44,5.77,7.07,5.84,4.65,1.29,279306,852,4738,4304,1606,7856,3302,471,2828,2137
4813,432654,14670,3.4,6507,1.5,6560,1.5,26671,6.2,26724,6.2,43188,10.0,43204,10.0,12001,2.8,1.46,5.60,6.83,5.62,3.97,1.37,389263,755,7423,7936,3310,12548,4361,773,3871,2414
4814,405633,121719,30.0,34645,8.5,52652,13.0,145647,35.9,223605,55.1,240743,59.3,260766,64.3,23928,5.9,4.12,5.86,7.21,6.04,6.69,3.02,144831,6020,18312,83630,15611,66947,11067,3493,15783,39939
4815,319053,26144,8.2,15944,5.0,16528,5.2,58647,18.4,60314,18.9,101334,31.8,103244,32.4,32503,10.2,2.43,5.43,6.68,5.50,5.10,2.20,215793,3265,12939,28683,7219,24493,11360,3195,8248,3858
4816,308394,11377,3.7,15,0.0,14,0.0,10236,3.3,10081,3.3,35081,11.4,35065,11.4,-1141,-0.4,1.40,4.46,5.83,4.48,2.51,1.35,273100,517,8739,13314,1359,9971,1028,91,257,18
4817,336286,12522,3.7,4761,1.4,4931,1.5,17957,5.3,18619,5.5,26089,7.8,26730,7.9,5435,1.6,1.39,5.95,7.08,6.04,3.78,1.30,309615,699,3343,3956,2131,7405,3475,592,3293,1777
4818,253273,30643,12.1,1295,0.5,1360,0.5,30397,12.0,33177,13.1,66529,26.3,70180,27.7,-246,-0.1,1.99,4.59,6.02,4.73,3.93,1.73,183084,4572,15036,18519,7095,19785,3677,213,840,452
4819,410714,33296,8.1,4907,1.2,5134,1.3,32416,7.9,33153,8.1,54044,13.2,55366,13.5,-880,-0.2,1.56,5.19,6.45,5.26,3.42,1.40,355347,2339,10684,11308,4613,15259,5679,637,2802,2046
4820,223181,4832,2.2,298,0.1,310,0.1,8483,3.8,9031,4.0,16065,7.2,16779,7.5,3651,1.6,1.29,4.91,6.21,5.04,3.75,1.24,206402,723,2799,4215,1251,6202,1046,107,267,169
4821,369598,11905,3.2,9390,2.5,9666,2.6,25451,6.9,25960,7.0,33759,9.1,34410,9.3,13546,3.7,1.52,6.59,7.62,6.67,4.64,1.41,335198,747,3156,4362,1812,8481,4492,808,5115,5427
4822,371118,31786,8.6,5248,1.4,5883,1.6,69841,18.8,75468,20.3,154342,41.6,161490,43.5,38055,10.3,2.67,4.84,6.14,4.96,4.02,2.55,209598,7451,27469,49004,10735,47880,11714,1130,4446,1691
4823,499507,25293,5.1,6939,1.4,7595,1.5,33680,6.7,35050,7.0,59638,11.9,61424,12.3,8387,1.7,1.54,5.38,6.80,5.48,3.45,1.43,438074,2311,9764,15602,3920,14984,5833,775,5003,3241
4824,202880,4136,2.0,1016,0.5,1027,0.5,11781,5.8,12180,6.0,22371,11.0,22788,11.2,7645,3.8,1.46,5.11,6.28,5.16,3.87,1.41,180130,523,3342,6405,1161,8279,1748,162,823,307
4825,417625,19371,4.6,7614,1.8,8207,2.0,25322,6.1,25806,6.2,33878,8.1,34409,8.2,5951,1.4,1.45,6.52,7.54,6.59,4.24,1.32,383254,627,3246,4512,1880,8501,4752,849,5315,4689
4826,331253,7899,2.4,1373,0.4,1338,0.4,12333,3.7,12397,3.7,18934,5.7,18966,5.7,4434,1.3,1.26,5.53,6.54,5.54,3.34,1.21,312232,205,2643,3576,1307,6968,2453,260,1139,470
4827,411911,73475,17.8,24737,6.0,45734,11.1,93330,22.7,107003,26.0,141688,34.4,161605,39.2,19855,4.8,2.90,5.84,7.45,6.33,6.10,2.20,250297,15521,19732,25595,14734,30486,11536,3516,18702,21792
4828,316378,20039,6.3,3888,1.2,4152,1.3,23012,7.3,24096,7.6,35055,11.1,36131,11.4,2973,0.9,1.51,5.46,6.51,5.57,3.45,1.37,280253,1202,4295,8201,2868,10756,4478,686,2799,840
4829,199039,22851,11.5,909,0.5,972,0.5,30349,15.2,35384,17.8,78767,39.6,81848,41.1,7498,3.8,2.34,4.25,5.67,4.34,4.20,2.10,117171,5015,26860,20711,8272,16372,3453,162,551,472
4830,228924,7066,3.1,756,0.3,773,0.3,10832,4.7,11067,4.8,16540,7.2,16845,7.4,3766,1.6,1.34,5.57,6.62,5.63,4.17,1.25,212097,355,2286,3005,965,6180,2072,310,1277,377
4831,357285,8146,2.3,3255,0.9,3399,1.0,13745,3.8,14094,3.9,19939,5.6,20377,5.7,5599,1.6,1.28,5.96,7.08,6.03,4.09,1.22,336947,479,2478,3248,1283,5960,2749,440,2205,1496
4832,207102,2926,1.4,378,0.2,381,0.2,7200,3.5,7410,3.6,11537,5.6,11679,5.6,4274,2.1,1.24,5.35,6.36,5.38,4.26,1.20,195445,175,1586,2377,670,4993,1188,116,369,183
4833,194744,6573,3.4,491,0.3,505,0.3,8949,4.6,9318,4.8,13813,7.1,14163,7.3,2376,1.2,1.31,5.32,6.33,5.40,3.71,1.23,180588,402,2085,2341,881,6410,1208,119,441,269
4834,340164,44746,13.2,15391,4.5,21407,6.3,66662,19.6,72428,21.3,101941,30.0,107468,31.6,21916,6.4,2.50,5.76,6.93,5.84,5.05,2.12,232691,3848,13752,22339,8669,25701,12084,2151,8118,10811
4835,241860,10120,4.2,1257,0.5,1340,0.6,12775,5.3,13236,5.5,21009,8.7,21573,8.9,2655,1.1,1.39,5.36,6.57,5.45,3.52,1.29,220295,630,3111,4678,1413,7310,2353,405,1003,662
4836,459098,75886,16.5,12352,2.7,16625,3.6,74760,16.3,98546,21.5,123821,27.0,157005,34.2,-1126,-0.2,2.38,5.05,6.53,5.61,4.31,1.99,302185,10845,34796,20819,18441,48188,8639,1344,8054,5787
4901,374010,8100,2.2,1222,0.3,1747,0.5,28225,7.5,30102,8.0,47270,12.6,49564,13.3,20125,5.4,1.63,5.32,6.69,5.46,3.32,1.59,319570,3180,9596,9385,4408,14186,6650,1273,4556,1206
4902,393750,6676,1.7,2578,0.7,3000,0.8,36313,9.2,38954,9.9,65175,16.6,68203,17.3,29637,7.5,1.72,5.05,6.39,5.19,3.65,1.69,323400,4314,13793,14649,6220,18049,6723,1152,3834,1616
4903,297218,4007,1.3,1914,0.6,2027,0.7,26105,8.8,27994,9.4,45661,15.4,47519,16.0,22098,7.4,1.71,5.26,6.66,5.38,4.07,1.68,247796,2487,9363,8957,3738,13650,5215,1106,3810,1096
4904,283397,2992,1.1,1811,0.6,1771,0.6,19449,6.9,20643,7.3,39101,13.8,41047,14.5,16457,5.8,1.56,4.81,6.31,4.96,3.66,1.54,241417,2874,9904,9326,3566,9615,3476,463,1965,791
5000,307695,13000,4.2,22243,7.2,23050,7.5,42067,13.7,42911,13.9,51199,16.6,52058,16.9,29067,9.4,2.08,7.35,8.20,7.44,5.98,1.91,255405,986,3217,4496,1670,11143,5667,1172,8984,14955
5101,429663,21958,5.1,11048,2.6,14213,3.3,26545,6.2,32426,7.5,34789,8.1,45379,10.6,4587,1.1,1.53,6.04,7.96,7.08,5.02,1.34,384271,7350,4080,3403,3544,7059,4744,1550,8539,5123
5102,281139,41037,14.6,16052,5.7,21768,7.7,38670,13.8,52642,18.7,62199,22.1,112490,40.0,-2367,-0.8,2.52,4.80,7.65,6.37,5.85,1.95,168630,16594,34531,13856,10164,13906,3141,1047,9561,9709
5103,262376,21922,8.4,4331,1.7,7303,2.8,26643,10.2,38090,14.5,44590,17.0,98465,37.5,4721,1.8,2.18,4.14,6.52,5.64,5.68,1.86,163909,15925,35390,13480,9854,14697,2535,641,3921,2024
5104,326546,10971,3.4,4300,1.3,4689,1.4,21361,6.5,24015,7.4,30652,9.4,36073,11.0,10390,3.2,1.49,5.42,6.78,5.86,4.26,1.39,290460,2333,7224,4889,3554,7794,4040,1046,3511,1695
5105,511519,8794,1.7,15361,3.0,16053,3.1,32217,6.3,33077,6.5,37330,7.3,38358,7.5,23423,4.6,1.49,7.55,8.31,7.70,5.57,1.42,473124,1137,2062,2136,1450,6203,4610,1518,8900,10379
5106,433824,19731,4.5,22106,5.1,23083,5.3,54701,12.6,56446,13.0,64566,14.9,65964,15.2,34970,8.1,1.95,7.26,8.01,7.38,6.52,1.74,367768,1565,4281,4370,2677,13057,9381,2416,13938,14371
5107,351572,4543,1.3,5202,1.5,5415,1.5,17734,5.0,18318,5.2,21499,6.1,22049,6.3,13191,3.8,1.36,6.82,7.61,6.94,4.82,1.32,329518,578,1657,1607,1421,4767,3823,1235,4241,2725
5108,165718,3048,1.8,552,0.3,635,0.4,10629,6.4,11474,6.9,14768,8.9,16129,9.7,7581,4.6,1.45,5.62,6.68,5.90,5.05,1.38,149577,679,2290,2155,1213,5249,2299,458,1388,410
5109,499304,24705,4.9,56706,11.4,59258,11.9,96905,19.4,98931,19.8,107296,21.5,109173,21.9,72200,14.5,2.56,8.13,8.70,8.24,7.79,2.29,389950,2182,4007,4619,3146,13356,11147,3227,22734,44936
5110,301908,3246,1.1,2881,1.0,3062,1.0,11730,3.9,12450,4.1,15104,5.0,15783,5.2,8484,2.8,1.29,6.49,7.48,6.69,5.25,1.24,286122,686,1309,1395,984,4046,2508,666,2483,1709
5111,211554,2558,1.2,334,0.2,363,0.2,6987,3.3,7490,3.5,9319,4.4,10001,4.7,4429,2.1,1.24,5.99,7.04,6.27,4.03,1.20,201548,569,1011,973,656,2907,1839,458,1329,264
5301,329497,21824,6.6,15774,4.8,16660,5.1,41515,12.6,43480,13.2,54365,16.5,56286,17.1,19691,6.0,1.95,6.57,7.57,6.73,5.46,1.70,273180,1979,4195,8416,2730,14695,5202,1321,6770,11009
5302,308225,17560,5.7,9206,3.0,9876,3.2,25510,8.3,27382,8.9,35685,11.6,38261,12.4,7950,2.6,1.63,6.04,7.22,6.29,5.12,1.42,269929,1453,4548,8162,2549,8394,2478,842,3646,6224
5303,363566,16500,4.5,18742,5.2,19992,5.5,55754,15.3,58861,16.2,86109,23.7,89724,24.7,39254,10.8,2.22,5.96,7.31,6.12,6.03,2.04,273805,4788,8230,21845,3943,20805,6672,1946,8795,12737
5304,371890,12498,3.4,6051,1.6,6915,1.9,47454,12.8,50002,13.4,75593,20.3,78105,21.0,34956,9.4,1.96,5.58,6.77,5.69,4.78,1.86,293806,2977,9839,14900,5743,26505,6931,1085,5576,4528
5305,358876,8146,2.3,13709,3.8,15429,4.3,49992,13.9,53122,14.8,71925,20.0,74941,20.9,41846,11.7,2.05,6.05,7.29,6.22,5.85,1.97,283900,3367,9578,10680,4080,20119,8768,1367,8217,8800
5306,406251,24168,5.9,21876,5.4,23910,5.9,52046,12.8,55125,13.6,65406,16.1,70390,17.3,27878,6.9,1.96,6.55,7.60,6.85,5.78,1.72,335758,3084,5911,10913,3740,14290,6687,2236,10977,12655
5307,251586,1374,0.5,1327,0.5,1414,0.6,10035,4.0,11142,4.4,15955,6.3,17845,7.1,8661,3.4,1.32,5.47,6.82,5.80,4.28,1.30,233724,1055,2450,3031,1221,6540,1288,154,760,1363
5308,328368,12278,3.7,14220,4.3,15180,4.6,48631,14.8,50738,15.5,67814,20.7,69971,21.3,36353,11.1,2.10,6.17,7.28,6.30,5.37,1.97,258360,2788,7638,10570,4354,18049,7826,1778,8175,8830
5309,224535,1425,0.6,1147,0.5,1310,0.6,14905,6.6,15898,7.1,21108,9.4,22216,9.9,13480,6.0,1.46,5.68,6.61,5.85,4.86,1.44,202283,819,2166,4442,1297,8272,1810,377,2043,1026
5310,266348,5755,2.2,6525,2.4,6820,2.6,32172,12.1,34373,12.9,49277,18.5,51285,19.3,26417,9.9,1.95,5.95,7.14,6.10,5.56,1.87,215025,1907,4063,10323,3024,16560,4531,1265,4759,4891
5401,450587,34968,7.8,51481,11.4,53134,11.8,102745,22.8,103863,23.1,123604,27.4,124549,27.6,67777,15.0,2.83,7.58,8.39,7.63,8.29,2.37,325309,1459,8329,9150,5267,24137,10446,2891,18698,44901
5402,407414,39869,9.8,63430,15.6,65381,16.0,114870,28.2,116183,28.5,128484,31.5,129619,31.8,75001,18.4,3.24,8.01,8.55,8.07,7.89,2.74,276928,1466,4493,6543,3065,24248,14102,2491,18172,55906
5403,481531,59394,12.3,91432,19.0,94483,19.6,146611,30.4,148988,30.9,164882,34.2,167173,34.7,87217,18.1,3.49,8.14,8.79,8.24,7.76,2.90,313376,3101,7882,8498,3722,22285,13293,3259,27151,78964
5501,294501,6587,2.2,1825,0.6,1934,0.7,15554,5.3,16539,5.6,25554,8.7,26401,9.0,8967,3.0,1.43,5.40,6.65,5.47,3.30,1.39,265434,1087,5111,4689,2439,8800,3498,621,1830,992
5502,349999,12127,3.5,9412,2.7,9617,2.7,29898,8.5,30785,8.8,38980,11.1,39890,11.4,17771,5.1,1.71,6.51,7.47,6.59,4.33,1.61,305039,1111,4494,4560,2653,11632,6606,1399,6896,5609
5503,555426,31782,5.7,26050,4.7,26461,4.8,69235,12.5,70218,12.6,91831,16.5,92807,16.7,37453,6.7,2.07,6.62,7.68,6.69,4.45,1.93,449670,1703,11860,11722,5253,25918,13282,2674,15690,17654
5504,185500,988,0.5,846,0.5,862,0.5,9192,5.0,9761,5.3,15067,8.1,15391,8.3,8204,4.4,1.35,5.22,6.34,5.29,5.59,1.33,169933,371,2743,2858,1253,6250,1029,129,449,485
5505,276448,10655,3.9,1388,0.5,1450,0.5,13512,4.9,14234,5.1,20945,7.6,21576,7.8,2857,1.0,1.41,5.51,6.59,5.55,2.92,1.35,251326,944,3894,3715,1970,8080,3555,612,1747,605
5506,412816,25055,6.1,4591,1.1,4785,1.2,25472,6.2,26369,6.4,38278,9.3,39364,9.5,417,0.1,1.53,5.66,6.80,5.73,3.15,1.43,365714,1779,7068,7424,3807,12295,7076,1302,4284,2067
5507,834685,33928,4.1,15783,1.9,16017,1.9,45848,5.5,46557,5.6,62181,7.4,62735,7.5,11920,1.4,1.57,6.37,7.52,6.49,3.28,1.50,745739,1445,11220,10575,6032,20896,12720,2826,12059,11173
5508,464744,22886,4.9,4401,0.9,4537,1.0,21190,4.6,22011,4.7,32666,7.0,33467,7.2,-1696,-0.4,1.43,5.74,7.00,5.79,2.80,1.36,422569,1506,6592,6445,3567,10636,5401,1214,3912,2902
5600,335963,8287,2.5,3914,1.2,4575,1.4,31941,9.5,33805,10.1,54302,16.2,56530,16.8,23654,7.0,1.83,5.44,6.69,5.55,4.73,1.76,273184,2925,7718,13866,4513,19048,6700,986,4557,2466
6698,36,24,66.7,0,0.0,0,0.0,0,0.0,0,0.0,1,2.8,1,2.8,-24,-66.7,1.06,3.00,,3.00,1.08,1.00,35,0,1,0,0,0,0,0,0,0
